file,f0,duration,label,group,color,number,cutoff,f11,f21,f31,f41,f12,f22,f32,f42,f13,f23,f33,f43,f14,f24,f34,f44,f15,f25,f35,f45,f16,f26,f36,f46,f17,f27,f37,f47,f18,f28,f38,f48,f19,f29,f39,f49,f110,f210,f310,f410,f111,f211,f311,f411
026_F_JPN_0001,190.5,0.118,AO,4,Green,1,5443,579,1396,3044,3942,609,1303,3057,3835,646,1206,3082,3801,650,1088,3113,3795,624,1017,3205,3796,595,953,3215,3750,589,943,3231,3763,597,946,3254,3788,604,942,3294,3780,604,905,3337,3837,554,884,3361,3870
026_F_JPN_0002,190.5,0.042,IH,11,Teal,2,5815,393,2349,2821,3889,403,2382,2842,3905,394,2409,2859,3923,386,2445,2897,3969,419,2469,2930,3994,454,2474,2928,4002,462,2453,2920,4026,455,2414,2932,4046,446,2372,2953,4050,440,2333,2958,4066,405,2291,2958,4099
026_F_JPN_0003,158.5,0.12,AE,2,Blue,3,5691,413,2012,3030,3975,508,2140,2972,4026,537,2198,2972,3944,557,2131,2945,3905,582,2039,2913,3981,646,2027,2959,4039,684,2022,2911,3999,698,2000,2858,4074,686,1959,2815,4115,659,1877,2998,4033,574,1804,2990,4130
026_F_JPN_0004,173.9,0.132,AH,3,Black,4,5567,815,1162,2954,3887,853,1330,2999,3917,854,1355,3073,3905,857,1390,3098,3901,837,1384,3140,3988,822,1408,3115,3918,802,1406,3188,3997,779,1486,3207,4091,719,1503,3214,4187,663,1526,3200,4216,595,1623,3261,4349
026_F_JPN_0005,160,0.044,ER,9,Lime,5,5443,606,1343,2778,3849,604,1366,2794,3849,603,1415,2790,3848,597,1456,2784,3841,590,1483,2802,3809,578,1504,2839,3763,552,1522,2861,3761,517,1539,2840,3789,491,1558,2809,3741,469,1586,2778,3629,433,1623,2735,3391
026_F_JPN_0006,110.2,0.08,UW,17,Cyan,6,5196,296,1474,2490,3961,310,1412,2572,3848,346,1408,2601,3832,347,1464,2628,3821,363,1472,2649,3792,382,1533,2618,3682,385,1580,2605,3507,367,1653,2540,3343,311,1714,2441,3248,229,1736,2422,3218,203,1820,2598,3015
026_F_JPN_0007,174.8,0.042,IH,11,Teal,7,5196,405,1983,2642,3820,397,2020,2660,3845,398,2062,2701,3846,394,2093,2742,3823,381,2117,2774,3813,373,2138,2801,3809,363,2159,2844,3804,350,2190,2877,3852,332,2223,2911,3957,305,2289,3051,4025,278,2251,3244,4084
026_F_JPN_0008,160.3,0.044,AO,4,Green,8,6435,421,935,1842,3250,407,962,1900,3301,385,972,1964,3322,370,972,2009,3335,357,976,2069,3378,347,972,2039,3426,336,961,1887,3452,321,947,1985,3484,309,933,2108,3540,302,921,2340,3748,299,927,2626,4015
026_F_JPN_0009,188.6,0.038,IH,11,Teal,9,5691,541,1798,2744,3949,549,1836,2780,3973,554,1885,2825,3998,554,1914,2866,4006,553,1926,2923,3995,549,1931,2945,3994,543,1932,2945,4012,538,1932,2950,4062,528,1931,2971,4114,505,1928,2989,4137,447,1916,3004,4177
026_F_JPN_0010,186.6,0.078,AE,2,Blue,10,5196,728,1190,2782,3473,731,1134,2854,3468,724,1073,2968,3603,706,1055,2988,3602,684,1034,3026,3554,670,1008,3018,3528,645,974,2988,3517,621,959,2960,3557,595,942,2930,3599,572,946,2921,3577,547,1019,2854,3583
026_F_JPN_0011,197.1,0.104,EY,10,Purple,11,5567,334,2543,2900,3959,365,2444,2857,3961,401,2356,2780,3974,458,2360,2797,3954,519,2377,2820,3992,542,2373,2823,3843,557,2366,2800,3809,551,2371,2805,3915,545,2334,2810,3902,540,2264,2734,3843,519,2069,2730,3821
026_F_JPN_0012,164.6,0.144,AO,4,Green,12,6807,443,893,2921,3815,503,936,3104,3973,568,955,3066,3944,591,937,3202,3953,560,956,3176,3954,562,1002,3213,4093,538,1046,3183,3877,510,1092,3181,3747,451,1111,3130,3489,387,1109,2994,3785,310,1108,2629,4176
026_F_JPN_0013,151.6,0.036,AE,2,Blue,13,5691,820,1119,2655,3595,818,1114,2679,3647,814,1099,2690,3715,809,1089,2723,3776,805,1088,2773,3841,790,1085,2804,3900,764,1070,2776,3923,738,1051,2721,3918,710,1032,2690,3913,662,1026,2679,3921,627,1029,2673,3922
026_F_JPN_0014,225.1,0.038,IH,11,Teal,14,5443,354,2166,2894,4085,378,2205,2856,4093,382,2227,2837,4059,367,2261,2797,4075,357,2300,2720,4086,346,2334,2752,4087,311,2358,2873,4113,273,2378,2887,4131,310,2384,2857,4160,356,2390,2843,4208,334,2399,2851,4234
026_F_JPN_0015,151.8,0.104,AO,4,Green,15,6187,444,793,2995,3915,469,786,2960,3928,527,789,2954,3876,573,814,3016,3904,577,821,3160,3983,586,820,3146,3990,591,827,3180,3965,576,823,3191,4024,573,832,3212,4020,533,822,3297,4063,513,798,3349,4104
026_F_JPN_0016,74.3,0.094,OW,14,Maroon,16,5567,547,1059,2980,3943,555,1040,2984,3971,589,1051,2998,3936,623,1047,2956,3906,627,1040,2940,3899,648,1046,2953,3878,626,1049,2956,3847,640,1060,2955,3866,655,1091,2901,3813,641,1116,2897,3840,636,1125,2873,3853
026_F_JPN_0017,185.5,0.068,EY,10,Purple,17,5691,389,2252,2924,4368,412,2226,2954,4357,458,2219,2961,4294,528,2179,2952,4254,556,2128,2909,4200,567,2061,2883,4166,579,2001,2789,4187,611,1964,2783,4154,665,1939,2769,4090,685,1931,2690,4024,700,1898,2594,4048
026_F_JPN_0018,179.2,0.08,IY,13,Pink,18,5567,347,2381,2734,3872,348,2429,2779,3925,348,2485,2811,3962,348,2518,2846,3984,350,2539,2858,3991,348,2572,2876,4037,345,2595,2904,4080,345,2614,2933,4100,345,2588,2963,4107,350,2548,2982,4102,346,2499,2916,4113
026_F_JPN_0019,165,0.102,AE,2,Blue,19,5691,517,1932,2845,4343,553,1913,2823,4344,642,1858,2826,4281,692,1811,2790,4249,716,1754,2753,4205,738,1742,2720,4202,737,1719,2686,4174,724,1716,2713,4185,685,1711,2699,4186,623,1726,2746,4282,544,1720,2757,4286
026_F_JPN_0020,159.2,0.094,AH,3,Black,20,5567,735,1029,2995,3975,773,1055,2989,4001,792,1068,3008,4022,791,1116,3016,4044,786,1166,3018,4029,776,1197,3015,4025,763,1205,3041,4028,758,1202,3068,4033,730,1209,3091,3955,716,1208,3078,3937,675,1163,2991,3895
026_F_JPN_0021,112.5,0.098,UW,17,Cyan,21,6435,305,1169,2943,4212,350,1066,2943,4195,332,1121,2911,4205,356,1121,2890,4185,356,1110,2908,4177,359,1093,2921,4174,351,1052,2936,4125,342,1040,2800,4087,330,965,2782,4098,311,986,2795,4077,274,1161,2601,4049
026_F_JPN_0022,82.8,0.112,ER,9,Lime,22,4824,387,1150,2093,3749,448,1132,2007,3767,465,1119,1942,3774,484,1159,1868,3709,477,1160,1806,3694,468,1197,1801,3687,470,1280,1854,3535,474,1368,1882,3395,447,1538,1987,3220,436,1578,2126,3202,381,1553,2484,3486
026_F_JPN_0023,133.2,0.086,IY,13,Pink,23,5443,368,2161,2696,4050,390,2200,2697,4040,411,2207,2697,4037,427,2195,2689,4009,430,2154,2680,3986,437,2125,2660,4000,443,2089,2658,4004,453,2066,2672,4019,456,2030,2675,4028,445,1974,2681,4021,425,1935,2680,3962
026_F_JPN_0024,155.3,0.076,IH,11,Teal,24,6930,377,2391,2977,4252,377,2383,2962,4234,344,2362,2955,4181,354,2392,2957,4211,345,2401,2898,4216,325,2370,2798,4171,315,2171,2643,4132,319,2190,2648,4149,358,2224,2668,4039,359,2031,2577,4076,328,1773,2545,3860
026_F_JPN_0025,150.4,0.106,EY,10,Purple,25,6807,361,2018,2792,3755,405,2219,2862,3860,402,2324,2938,4025,411,2356,3000,4132,420,2365,3026,4208,423,2410,3102,4252,420,2425,3106,4198,412,2498,3136,4206,384,2518,3117,4119,337,2618,3108,4087,291,2704,3040,4034
026_F_JPN_0026,160.4,0.078,AE,2,Blue,26,6435,476,1086,2380,3589,495,1057,2479,3577,510,1037,2510,3611,507,1027,2533,3615,491,995,2600,3640,506,1000,2627,3611,507,957,2653,3699,501,897,2674,3714,490,876,2696,3711,465,852,2677,3703,400,888,2672,3701
026_F_JPN_0027,67.8,0.078,EY,10,Purple,27,5320,390,2139,2808,4029,440,2211,2838,4019,442,2190,2851,3984,460,2159,2838,3974,438,2199,2882,3974,435,2217,2852,3954,421,2269,2832,3930,364,2352,2765,3993,386,2369,2746,4052,372,2343,2699,4099,366,2364,2618,4095
026_F_JPN_0028,174.9,0.078,IH,11,Teal,28,5320,236,2405,2726,3945,315,2315,2730,4014,344,2253,2735,4016,347,2250,2677,4036,351,2289,2578,3934,352,2232,2553,3896,361,2176,2629,3878,377,2114,2610,3974,381,2006,2577,4079,366,1985,2504,4050,319,1959,2613,4110
026_F_JPN_0029,144.2,0.14,OW,14,Maroon,29,4824,526,1003,2721,3855,569,1006,2737,3832,607,1012,2715,3786,633,1013,2761,3770,642,1027,2750,3820,650,1069,2722,3856,651,1089,2709,3880,635,1116,2697,3889,582,1117,2689,3935,507,1122,2699,4047,383,1122,2687,4208
026_F_JPN_0030,139.3,0.206,AO,4,Green,30,5567,750,1138,2533,3591,768,1112,2831,3625,757,1099,2813,3545,724,1057,3062,3621,743,1059,2976,3485,798,1107,2936,3472,791,1132,2969,3563,762,1119,2945,3601,688,1110,2919,3596,499,1070,2908,3577,225,1113,2630,3596
026_F_JPN_0031,83.8,0.038,UH,16,Silver,31,4948,338,1828,2757,3369,357,1835,2760,3369,360,1840,2755,3383,356,1818,2734,3441,374,1803,2711,3464,377,1792,2688,3465,347,1768,2667,3458,319,1710,2666,3426,332,1659,2665,3396,356,1633,2650,3380,364,1621,2637,3388
026_F_JPN_0032,174.5,0.074,AO,4,Green,32,6559,452,920,2122,3445,466,950,2261,3576,473,924,2408,3685,470,910,2599,3770,449,898,2767,3875,452,920,2752,3977,423,928,2776,3738,375,916,2792,3758,298,894,2739,3801,251,889,2670,4005,245,913,2752,4065
026_F_JPN_0033,174.8,0.058,AE,2,Blue,33,5567,536,1460,2971,4205,596,1490,2937,4163,668,1518,2891,4093,707,1485,2908,4082,748,1486,2945,4043,759,1474,2946,4025,748,1482,2897,3990,755,1498,2916,3965,763,1487,2938,3944,764,1514,2942,3937,758,1555,2973,3962
026_F_JPN_0034,149.8,0.1,AH,3,Black,34,5443,717,1674,2590,3933,763,1542,2572,3815,748,1457,2575,3737,736,1401,2541,3687,759,1312,2516,3769,762,1300,2646,3729,768,1311,2861,3706,754,1332,2846,3695,682,1390,2746,3774,576,1384,2831,3868,443,1376,2664,3943
026_F_JPN_0035,202.6,0.09,EH,8,Black,35,5939,433,2037,2833,4309,468,2001,2892,4296,522,1995,2850,4307,567,2005,2845,4278,594,1966,2842,4268,605,1943,2844,4312,603,1923,2853,4321,600,1939,2859,4347,592,1873,2848,4381,569,1746,2887,4386,443,1689,2880,4391
026_F_JPN_0036,170,0.106,AO,4,Green,36,6807,459,1262,2869,3772,544,1223,3047,3975,603,1146,2879,3908,593,1074,2863,3902,590,1029,2765,3954,579,975,2900,3988,554,971,3030,3954,511,952,3187,3921,477,912,3249,3889,455,893,3246,3971,455,894,3332,4041
026_F_JPN_0037,174.5,0.038,IH,11,Teal,37,6311,350,2195,2757,4174,354,2240,2774,4177,364,2296,2800,4185,372,2354,2820,4187,365,2414,2831,4198,356,2453,2835,4219,350,2461,2842,4240,346,2447,2851,4268,344,2435,2855,4297,319,2421,2857,4319,297,2354,2846,4338
026_F_JPN_0038,165.6,0.122,UW,17,Cyan,38,5567,337,1163,2757,4135,353,1182,2861,4127,349,1187,2798,4168,332,1213,2575,4141,345,1230,2829,4265,346,1243,2928,4252,351,1279,2974,4261,357,1336,2962,4285,363,1326,2923,4291,369,1305,2940,4283,390,1331,2956,4280
026_F_JPN_0039,147.1,0.074,AE,2,Blue,39,5567,775,1415,2571,4086,772,1497,2576,4149,764,1496,2605,4106,771,1498,2600,4108,774,1508,2576,4103,725,1521,2536,4077,693,1487,2572,4035,661,1456,2602,4002,619,1484,2613,4037,524,1459,2573,4125,488,1477,2557,4188
026_F_JPN_0040,180.1,0.1,AA,1,Red,40,4948,485,1045,2974,3664,493,1065,2926,3588,519,954,3035,3514,740,1020,3103,3860,739,1031,3056,3827,738,1019,2943,3703,739,1035,2890,4248,760,1064,2883,4215,751,1067,2735,4155,748,1081,2796,4100,748,1234,2774,4075
026_F_JPN_0041,187.1,0.138,AE,2,Blue,41,5443,579,1586,2904,3189,619,1509,2881,3421,699,1493,2814,3970,764,1352,2806,4071,774,1301,2829,4067,764,1212,2762,4092,789,1032,2734,4081,754,1179,2746,4066,679,1294,2772,3989,585,1401,2844,3846,487,1387,2813,4049
026_F_JPN_0042,166.6,0.068,IY,13,Pink,42,5939,233,2606,3401,4148,255,2584,3349,4136,268,2554,3329,4129,274,2532,3341,4091,270,2504,3319,4077,269,2533,3202,4060,270,2577,3127,4073,268,2558,3076,4045,261,2621,3011,4121,253,2605,3167,4240,230,2514,3017,4260
026_F_JPN_0043,89.9,0.158,UH,16,Silver,43,4948,385,1149,2466,4043,457,1165,2515,4039,495,1178,2567,4036,501,1197,2519,3980,533,1230,2515,3893,530,1274,2524,3865,543,1319,2503,3849,555,1383,2500,3891,548,1421,2436,3912,499,1532,2482,3882,496,1625,2508,3823
026_F_JPN_0044,173.1,0.048,AH,3,Black,44,5691,431,1550,2826,4021,450,1522,2721,4045,489,1530,2736,4053,521,1556,2745,4076,547,1624,2729,4058,547,1623,2691,4030,539,1618,2682,4066,526,1627,2720,4256,517,1639,2738,4399,508,1648,2776,4414,495,1653,2797,4378
026_F_JPN_0045,184.8,0.23,AO,4,Green,45,5196,471,893,2763,3778,496,697,2504,3696,499,680,2632,3707,507,704,2664,3736,528,788,2693,3832,555,857,2576,3845,578,920,2632,3902,608,989,2627,3855,656,1042,2605,3717,712,1185,2541,3725,715,1304,2523,3636
026_F_JPN_0046,210.6,0.058,IY,13,Pink,46,5691,254,2555,3319,4296,253,2528,3220,4131,283,2496,3101,4099,314,2502,3003,4147,328,2468,2910,4100,337,2402,2832,4040,348,2190,2703,4006,361,2056,2689,4067,366,1899,2694,4080,354,1648,2705,4007,326,1563,2716,4029
026_F_JPN_0047,84.2,0.246,UW,17,Cyan,47,6311,319,949,2964,4360,340,950,2943,4209,329,970,2929,4253,315,950,2935,4282,306,922,2932,4213,293,924,2913,4254,282,935,2920,4312,269,978,2925,4419,243,1056,2699,4435,224,1014,2881,4508,206,1152,2759,4436
026_F_JPN_0048,158,0.124,AO,4,Green,48,6807,390,502,2727,4251,425,517,2747,4159,514,608,2698,4058,524,611,2722,4038,536,568,2788,4045,416,628,2884,3993,447,675,3151,3995,455,692,3130,3981,447,721,3120,3900,546,756,3060,3867,576,824,2810,3783
026_F_JPN_0049,162.1,0.118,OW,14,Maroon,49,5815,533,1260,2889,4162,559,1214,2893,4133,543,1175,2893,4127,544,1126,2901,4081,533,1119,2942,4061,526,1142,2959,4193,536,1166,2934,4125,500,1154,2939,4155,470,1181,2938,4111,450,1220,2968,4185,363,1326,2750,4242
026_F_JPN_0050,156.7,0.068,AE,2,Blue,50,5072,686,1141,2456,3607,668,1165,2493,3604,688,1179,2519,3622,707,1177,2581,3640,688,1147,2561,3631,683,1095,2570,3677,690,1101,2548,3703,669,1137,2581,3692,647,1130,2619,3653,605,1118,2613,3678,537,1128,2616,3668
026_F_JPN_0051,76.5,0.062,OW,14,Maroon,51,5196,328,878,2837,3871,363,875,2831,3868,406,876,2806,3853,438,867,2788,3788,461,827,2836,3805,458,789,2839,3814,429,777,2877,3813,418,785,2877,3820,422,793,2840,3832,424,800,2836,3856,424,813,2842,3877
026_F_JPN_0052,153.8,0.058,IH,11,Teal,52,5443,270,2325,2811,4058,294,2320,2801,4042,326,2287,2790,4021,360,2267,2802,4025,382,2236,2780,4036,398,2178,2725,4031,405,2130,2691,4060,409,2080,2670,4074,410,2029,2643,4087,401,1966,2614,4118,389,1879,2615,4149
026_F_JPN_0053,99.2,0.158,OW,14,Maroon,53,5443,512,1052,2753,3865,543,1050,2747,3855,565,1010,2753,3800,553,1035,2780,3733,560,1002,2760,3821,570,994,2768,3798,573,1043,2758,3817,538,1044,2763,3831,511,1074,2739,3886,397,1089,2714,3984,292,1087,2677,4305
026_F_JPN_0054,105.4,0.11,AW,5,Olive,54,5443,525,1021,2664,3757,540,1020,2681,3751,607,1043,2691,3794,765,1131,2724,3802,773,1136,2890,3773,774,1191,2921,3789,769,1257,2903,3878,766,1287,2977,3924,741,1326,2946,3961,741,1323,2874,4013,614,1346,2890,4003
026_F_JPN_0055,235.9,0.09,IH,11,Teal,55,5320,269,2399,2848,3908,270,2372,2766,3885,275,2302,2712,3845,291,2304,2704,3842,330,2199,2626,3812,477,2168,2570,3781,395,2145,2556,3781,266,1892,2439,3733,297,1893,2451,3717,248,1681,2378,3658,247,1558,2279,3644
026_F_JPN_0056,91.3,0.032,AE,2,Blue,56,7550,313,1958,3015,4476,342,1924,2988,4540,376,1901,2967,4555,393,1878,2957,4572,388,1861,2970,4601,370,1860,2993,4614,336,1872,3008,4584,302,1892,2999,4513,288,1903,2955,4486,279,1923,2879,4495,254,1901,2796,4536
026_F_JPN_0057,188.5,0.078,AE,2,Blue,57,7178,329,1482,2939,4427,472,1430,3115,4392,547,1432,3183,4378,609,1417,3199,4388,650,1401,3207,4347,673,1362,3215,4283,688,1315,3201,4224,696,1276,3163,4185,690,1245,3157,4183,674,1214,3118,4208,647,1161,3050,4213
026_F_JPN_0058,145.8,0.218,AE,2,Blue,58,5939,702,1560,3043,4342,756,1615,3029,4191,819,1611,2997,4136,860,1610,2968,4075,857,1588,2827,4110,871,1567,2810,4033,913,1552,2725,4161,892,1555,2756,4078,791,1621,2893,4154,777,1637,2853,4201,423,1545,2911,4133
026_F_JPN_0059,164.6,0.158,AO,4,Green,59,5567,611,1230,2857,4040,622,1140,2892,4031,635,1118,2959,4028,646,1083,3010,4005,643,1027,3007,4018,631,988,3083,4028,624,971,3092,4026,608,947,3099,4004,587,928,3136,4014,527,905,3118,4002,491,911,3186,3978
026_F_JPN_0060,154.7,0.05,IH,11,Teal,60,5567,424,2052,2627,3927,422,2112,2637,3935,419,2177,2654,3956,413,2217,2685,3973,411,2235,2704,3989,414,2245,2714,4038,414,2245,2750,4102,408,2233,2766,4163,395,2209,2777,4212,377,2179,2771,4205,351,2123,2748,4213
026_F_JPN_0061,160.1,0.116,EY,10,Purple,61,5567,341,2300,2882,4027,379,2209,2839,4042,433,2236,2801,3961,459,2200,2693,3919,469,2171,2676,3884,475,2139,2644,3919,480,2085,2597,3949,483,2030,2552,3970,478,1981,2571,4021,482,1749,2449,3974,463,1576,2500,3940
026_F_JPN_0062,74.3,0.12,AH,3,Black,62,5196,503,1312,2523,3959,633,1378,2510,4012,734,1403,2531,3919,788,1395,2540,3942,819,1333,2500,3863,838,1286,2489,3821,831,1295,2505,3841,830,1293,2497,3813,820,1310,2541,3851,789,1324,2553,3846,737,1345,2527,3925
026_F_JPN_0063,77.6,0.124,EH,8,Black,63,5815,310,1896,2778,4112,421,1865,2718,4069,471,1824,2650,4025,675,1836,2673,3993,720,1784,2614,3936,767,1759,2634,3939,754,1702,2635,3929,701,1666,2638,3930,676,1640,2615,3897,673,1617,2642,3889,401,1471,2490,3782
026_F_JPN_0064,85.5,0.084,EH,8,Black,64,5691,477,1802,2799,4182,516,1877,2804,4216,539,1822,2789,4253,571,1824,2801,4169,560,1823,2791,4169,564,1809,2797,4183,563,1794,2801,4158,564,1772,2772,4270,554,1768,2800,4239,545,1766,2868,4267,525,1734,2850,4293
026_F_JPN_0065,191.6,0.202,AH,3,Black,65,5691,528,1510,2814,4208,707,1344,3064,4093,868,1435,3243,4124,859,1618,2937,4127,844,1515,3017,4131,817,1541,3113,4098,818,1580,3237,4147,801,1576,3293,3851,779,1610,3358,3626,730,1548,3393,3740,711,1554,3453,3829
026_F_JPN_0066,107.9,0.202,AY,7,Magenta,66,5196,587,1685,2766,3567,824,1593,2953,3615,943,1376,2981,3555,936,1421,2906,3531,897,1453,2739,3617,887,1596,2756,3689,833,1745,2743,3710,786,1863,2744,3695,722,2019,2774,3667,677,2101,2736,3715,580,2228,2861,3459
026_F_JPN_0067,134.6,0.162,AW,5,Olive,67,5196,841,1672,2905,4212,867,1629,2875,3972,870,1551,2871,3982,926,1454,2813,3822,916,1448,2770,3747,902,1440,2769,3744,881,1445,2773,3828,861,1488,2792,3893,813,1544,2742,3906,700,1596,2819,4149,547,1602,2861,4208
026_F_JPN_0068,143.3,0.098,AO,4,Green,68,5072,417,742,2656,3532,449,766,2684,3513,516,823,2692,3508,544,873,2722,3508,567,899,2747,3527,595,932,2769,3520,617,958,2782,3512,651,977,2773,3576,666,979,2757,3579,684,979,2809,3627,712,978,2833,3623
026_F_JPN_0069,191.6,0.07,IY,13,Pink,69,5443,274,1907,2745,3907,251,2094,2794,3903,287,2648,2850,3922,301,2711,3007,3984,306,2652,3128,4004,299,2646,3140,4025,284,2662,3110,4027,273,2681,3088,4025,256,2693,3078,4051,264,2663,3060,4069,292,2652,3022,4058
026_F_JPN_0070,237,0.028,AH,3,Black,70,5320,269,1653,2428,3308,267,1552,2371,3223,266,1353,2339,3082,283,1313,2323,3173,304,1334,2340,3314,754,1558,2362,3371,793,1828,2371,3384,814,2198,2346,3392,783,2223,2697,3435,687,2180,2688,3366,596,2187,2607,3255
026_F_JPN_0071,172.8,0.09,AE,2,Blue,71,6435,629,792,2274,3562,737,839,2535,3702,778,956,2758,3938,762,944,2745,3920,751,921,2814,3873,687,1013,2825,3863,655,1017,2832,3866,626,1022,2862,3863,608,1016,2834,3942,570,975,2809,3976,507,960,2770,3951
026_F_JPN_0072,168.2,0.07,UH,16,Silver,72,5196,270,1751,2726,3720,317,1753,2712,3840,438,1807,2681,3955,481,1745,2657,3925,493,1733,2627,4007,498,1737,2580,4033,495,1719,2561,3958,496,1713,2552,3959,470,1700,2519,3968,437,1659,2462,3992,409,1607,2477,4041
026_F_JPN_0073,98,0.136,AO,4,Green,73,5072,683,1375,2313,3821,827,1197,2283,3782,727,1094,2082,3755,924,1070,2783,3732,778,1061,2751,3842,886,1058,2710,3768,868,1073,2818,3603,791,1009,2645,3550,790,975,2810,3660,747,964,2892,3663,656,1046,2698,3529
026_F_JPN_0074,74.5,0.062,IH,11,Teal,74,5196,271,2326,2722,3869,311,2345,2733,3919,344,2270,2724,3949,386,2223,2717,3944,394,2233,2656,3936,373,2025,2578,3950,378,1997,2587,3997,355,1927,2600,4005,375,1833,2539,3888,323,1873,2793,3835,200,1768,2813,3741
026_F_JPN_0075,0,0.134,OW,14,Maroon,75,4948,351,1060,2652,4101,387,1093,2668,4054,465,1128,2697,4012,497,1154,2724,3934,513,1104,2713,3829,589,1117,2712,3802,639,1108,2661,3679,645,1098,2678,3680,632,1075,2684,3704,630,1076,2730,3708,605,1076,2715,3675
026_F_JPN_0076,85.9,0.096,AE,2,Blue,76,5443,661,2064,2935,4024,672,2010,2914,3889,641,2001,2896,4058,628,1976,2922,4011,694,1945,2945,3854,661,1898,2934,3741,650,1897,2877,3880,648,1883,2850,4263,607,1859,2812,4419,515,1822,2761,4334,371,1853,2766,4298
026_F_JPN_0077,168.7,0.078,OW,14,Maroon,77,5320,453,1494,2758,4083,498,1376,2753,3971,507,1328,2753,3869,508,1315,2769,3779,500,1286,2778,3798,496,1295,2719,3733,493,1326,2720,3603,484,1352,2698,3582,463,1362,2685,3539,447,1397,2641,3438,430,1484,2602,3181
026_F_JPN_0078,155.8,0.104,AO,4,Green,78,5567,415,1209,2698,4006,528,1194,2774,3987,604,1173,2864,3942,623,1100,2863,3910,625,1063,2814,3865,640,1053,2820,3862,664,1051,2880,3870,652,1030,2917,3894,634,1025,2953,3944,626,1012,2979,3961,590,1007,3040,3992
026_F_JPN_0079,160.9,0.03,IH,11,Teal,79,5691,385,2043,2798,3877,389,2078,2796,3897,393,2116,2793,3947,394,2131,2799,4015,390,2136,2826,4063,388,2152,2882,4069,390,2175,2933,4044,387,2190,2924,4047,373,2188,2888,4100,355,2175,2869,4155,326,2159,2864,4173
026_F_JPN_0080,160.4,0.078,AO,4,Green,80,5443,434,1088,2655,3747,450,1100,2629,3750,461,1104,2632,3752,469,1111,2648,3763,475,1119,2644,3758,526,1180,2644,3834,570,1245,2653,3840,592,1291,2653,3814,598,1315,2636,3905,575,1344,2544,3930,564,1410,2586,3933
026_F_JPN_0081,126.3,0.22,AY,7,Magenta,81,5815,393,1049,2829,3866,485,1015,2875,3841,605,1043,2883,3864,702,1126,3005,3785,814,1259,3096,3769,836,1479,3109,3770,807,1561,2735,3797,706,1715,2753,3820,685,1845,2743,3894,555,1997,2801,3989,435,2118,2894,4201
026_F_JPN_0082,75,0.128,EH,8,Black,82,5443,523,1549,2581,3813,572,1544,2550,3836,613,1550,2552,3864,646,1565,2551,3843,652,1523,2571,3781,646,1533,2529,3852,638,1533,2594,3808,631,1544,2612,3913,577,1558,2657,3952,565,1592,2694,4006,477,1642,2725,3987
026_F_JPN_0083,125.2,0.08,AE,2,Blue,83,5443,649,1720,2676,4012,647,1670,2729,3964,706,1690,2697,3898,724,1685,2649,3928,720,1655,2617,3875,717,1648,2601,3810,707,1678,2591,3921,684,1664,2623,3877,659,1689,2646,3939,616,1719,2653,3992,528,1662,2664,3980
026_F_JPN_0084,159.9,0.154,AH,3,Black,84,5691,276,1070,2907,3889,908,1350,3261,3884,892,1283,3313,3862,879,1284,3362,3917,847,1276,3356,3935,807,1264,3369,3934,739,1280,3103,3939,667,1327,3135,3970,505,1362,3138,4013,413,1396,3106,4036,389,1480,2805,4125
026_F_JPN_0085,77.6,0.058,AH,3,Black,85,6435,362,1024,2766,3941,434,1061,2712,3993,427,1102,2683,4003,453,1107,2688,3990,479,1135,2680,3983,474,1169,2659,3992,467,1175,2657,3990,460,1155,2672,3997,443,1186,2694,4013,425,1291,2674,4078,400,1324,2674,4091
026_F_JPN_0086,151.9,0.084,AO,4,Green,86,6559,400,1044,1694,3319,382,1021,1913,3347,377,1014,1992,3305,368,1021,1915,3324,356,998,2022,3439,353,1029,2189,3622,346,1029,2698,3779,334,1050,2757,3903,311,1052,2593,3958,299,1055,2487,3980,290,1070,2606,4135
026_F_JPN_0087,106.2,0.092,AH,3,Black,87,4700,704,1237,2437,3703,694,1239,2451,3723,691,1213,2448,3730,625,1202,2468,3800,643,1182,2462,3799,587,1138,2458,3765,572,1126,2467,3752,552,1111,2440,3778,520,1104,2442,3761,459,1083,2453,3739,420,1087,2497,3728
026_F_JPN_0088,146,0.06,AH,3,Black,88,4700,457,1580,2469,3490,507,1593,2491,3525,550,1601,2514,3581,559,1598,2517,3563,571,1596,2513,3502,568,1613,2507,3481,566,1634,2499,3491,558,1652,2528,3437,532,1625,2500,3373,501,1623,2507,3304,432,1630,2559,3231
026_F_JPN_0089,182.1,0.182,UW,17,Cyan,89,5567,239,1551,2526,3952,291,1440,2562,4061,331,1417,2597,4087,351,1339,2465,4059,330,1239,2490,4069,349,1232,2463,4074,316,1220,2535,4067,279,1065,2508,4072,329,1073,2507,4067,202,1092,2593,4009,191,1056,2518,3744
071_F_ENG_0001,220.6,0.074,AO,4,Green,90,6559,508,1569,2969,4029,618,1530,2802,3912,686,1466,2630,3761,740,1312,2502,3709,739,1215,2427,3703,795,1177,2396,3645,811,1174,2356,3628,794,1184,2280,3610,739,1243,2248,3641,710,1295,2231,3658,705,1339,2221,3689
071_F_ENG_0002,223.9,0.106,IH,11,Teal,91,6683,611,1862,2818,3966,624,1953,2831,3991,635,1996,2912,3979,635,1991,2939,3984,632,1994,2924,3964,636,1981,2934,3889,636,1974,2943,3894,632,1942,2947,3907,616,1915,2966,3921,589,1887,3005,3937,477,1814,3006,4025
071_F_ENG_0003,215,0.054,AE,2,Blue,92,6683,758,1855,3041,4113,718,1834,3038,4103,719,1820,3015,4074,720,1807,2993,4084,715,1768,2993,4087,705,1739,2987,4076,682,1716,2982,4042,660,1703,2976,3999,634,1692,2972,3957,607,1678,2961,3937,519,1665,2955,3934
071_F_ENG_0004,162.5,0.142,AH,3,Black,93,5939,644,1612,2914,4023,774,1581,2904,3922,832,1552,2850,3850,831,1521,2717,3820,832,1505,2683,3805,836,1515,2689,3775,906,1533,2752,3752,932,1538,2834,3701,929,1556,2899,3733,739,1534,2918,3757,664,1504,2982,3546
071_F_ENG_0005,193.8,0.028,UW,17,Cyan,94,6063,410,2422,2873,4057,411,2420,2868,4064,412,2408,2854,4104,412,2387,2840,4148,412,2371,2833,4167,412,2352,2828,4174,412,2335,2826,4166,412,2321,2823,4148,412,2299,2814,4068,411,2275,2805,3942,410,2258,2806,3851
071_F_ENG_0006,191.9,0.038,IH,11,Teal,95,5443,589,1772,2524,3883,586,1802,2524,3876,584,1847,2531,3866,582,1916,2554,3844,577,1968,2599,3795,573,1985,2650,3756,569,1993,2707,3723,561,1991,2760,3667,548,1973,2794,3602,525,1952,2819,3584,439,1951,2853,3603
071_F_ENG_0007,179.9,0.102,AO,4,Green,96,5939,858,1413,2253,3332,881,1373,2344,3320,914,1354,2403,3345,926,1352,2487,3423,932,1378,2542,3441,917,1402,2603,3430,883,1436,2657,3470,829,1444,2698,3532,803,1479,2690,3618,719,1517,2651,3685,677,1523,2494,3688
071_F_ENG_0008,104.8,0.052,EH,8,Black,97,5567,558,1243,2585,3770,516,1222,2636,3750,535,1226,2709,3637,655,1332,2793,3678,716,1443,2821,3713,730,1495,2797,3708,666,1525,2816,3734,704,1623,2824,3750,691,1683,2885,3746,613,1683,3119,3652,539,1670,3144,3360
071_F_ENG_0009,211.2,0.14,AE,2,Blue,98,5567,697,1760,2280,3860,755,1768,2323,3860,821,1760,2383,3895,852,1749,2439,3954,877,1740,2483,4015,889,1718,2515,4030,887,1698,2540,4028,856,1645,2561,4016,835,1609,2586,3970,804,1572,2600,3897,739,1475,2603,3883
071_F_ENG_0010,214.6,0.152,EY,10,Purple,99,5320,475,2488,2878,3481,587,2442,2926,3542,611,2488,2906,3492,616,2500,2924,3583,613,2489,2929,3572,624,2471,2899,3584,622,2472,2893,3559,629,2445,2871,3527,637,2327,2799,3527,641,2135,2691,3472,616,1741,2618,3332
071_F_ENG_0011,183.5,0.14,AO,4,Green,100,6311,711,1112,2895,3931,735,1134,2793,3910,768,1162,2772,3865,798,1189,2750,3776,803,1207,2763,3765,825,1214,2721,3789,834,1237,2749,3780,816,1231,2720,3739,828,1262,2696,3713,750,1263,2740,3674,699,1300,2769,3743
071_F_ENG_0012,179.6,0.11,AE,2,Blue,101,5815,721,1912,2469,3879,759,1908,2512,3913,785,1875,2499,3917,809,1824,2480,3895,837,1771,2497,3912,854,1745,2552,3927,810,1694,2547,3821,922,1654,2531,3750,902,1570,2491,3774,812,1515,2475,3784,673,1416,2461,3662
071_F_ENG_0013,93.7,0.032,IH,11,Teal,102,5691,513,1918,2898,3979,532,1911,2892,3957,546,1906,2893,3947,556,1900,2898,3945,566,1885,2899,3935,568,1857,2887,3893,555,1835,2873,3875,546,1829,2867,3931,552,1816,2851,3988,578,1785,2815,3953,593,1768,2751,3893
071_F_ENG_0014,175.6,0.078,AO,4,Green,103,6187,496,778,2566,3750,517,883,2544,3648,542,929,2534,3589,565,933,2490,3576,600,947,2413,3564,626,996,2327,3523,644,1076,2202,3493,644,1143,2148,3482,623,1205,2115,3454,607,1236,2073,3441,558,1246,1984,3452
071_F_ENG_0015,75,0.064,OW,14,Maroon,104,5320,654,1329,3007,3947,637,1334,2972,3925,642,1330,2945,3899,618,1328,2889,3906,617,1318,2794,3913,573,1313,2811,3913,535,1254,2710,3924,553,1245,2669,3946,514,1229,2671,3991,499,1177,2628,4017,515,1164,2619,4023
071_F_ENG_0016,229.5,0.128,EY,10,Purple,105,7426,558,2076,2977,4535,579,2106,2947,4565,584,2237,2916,4576,566,2318,2826,4509,537,2385,2948,4514,532,2431,3064,4513,528,2470,3104,4619,532,2541,3113,4523,537,2559,3031,4435,548,2530,3048,4366,567,2554,3000,4392
071_F_ENG_0017,211.6,0.136,IY,13,Pink,106,5691,429,2082,2271,4214,424,2107,2404,4184,426,2211,2440,4202,429,2240,2491,4222,429,2295,2525,4185,430,2319,2541,4162,430,2365,2571,4236,431,2398,2584,4190,434,2396,2809,4112,432,2361,2919,4011,421,2294,2947,4070
071_F_ENG_0018,189.1,0.076,AE,2,Blue,107,6063,540,1806,2907,4473,593,1821,2895,4418,629,1814,2901,4353,679,1792,2878,4314,710,1745,2857,4298,708,1720,2846,4293,701,1690,2827,4273,686,1683,2816,4302,659,1667,2826,4333,621,1668,2845,4316,599,1674,2876,4270
071_F_ENG_0019,191.1,0.076,AH,3,Black,108,6187,609,1156,2611,3622,657,1207,2634,3625,689,1306,2635,3666,698,1352,2622,3684,716,1420,2620,3686,714,1498,2628,3680,702,1534,2617,3641,693,1563,2618,3574,687,1594,2655,3587,667,1640,2713,3507,617,1653,2728,3416
071_F_ENG_0020,206,0.068,UW,17,Cyan,109,5443,348,2020,2597,3973,394,1829,2663,4052,464,1792,2652,4046,472,1740,2675,4082,437,1758,2720,4091,401,1808,2657,4053,396,1813,2657,3987,387,1780,2607,4004,387,1710,2566,3968,387,1653,2673,3916,366,1606,2804,4007
071_F_ENG_0021,199.9,0.074,ER,9,Lime,110,6063,548,1535,1920,3894,550,1580,1924,3881,554,1638,1895,3900,556,1702,1928,3871,555,1729,2020,3856,556,1745,2121,3793,555,1787,2187,3775,552,1798,2236,3770,524,1841,2276,3794,474,1908,2353,3776,407,1929,2432,3635
071_F_ENG_0022,212.7,0.112,IY,13,Pink,111,7054,407,2563,3080,4723,401,2576,3105,4735,397,2723,3281,4731,395,2759,3270,4666,391,2750,3376,4743,396,2762,3391,4668,401,2743,3330,4625,408,2678,3298,4570,415,2651,3090,4474,417,2496,3038,4174,411,2453,3035,4170
071_F_ENG_0023,220,0.156,IH,11,Teal,112,5691,511,2021,2999,3951,541,2076,3037,4027,535,2091,3074,3970,679,2131,3095,4121,827,2149,3087,4019,857,2242,3090,3862,668,2197,3080,3854,611,2230,3110,3872,603,2137,3003,4074,621,2100,3058,3979,595,2002,3009,4028
071_F_ENG_0024,98.2,0.112,EY,10,Purple,113,6559,406,1692,2614,3852,477,2032,2763,3949,523,2379,2973,4105,524,2459,3045,4168,509,2510,3069,4232,467,2576,3100,4272,449,2587,3063,4285,438,2640,3130,4412,412,2657,3117,4536,388,2699,3057,4658,399,2753,3166,4640
071_F_ENG_0025,183.3,0.1,AE,2,Blue,114,5443,673,1735,2279,3793,704,1691,2211,3792,723,1679,2182,3856,756,1724,2257,3810,754,1755,2417,3802,726,1715,2402,3737,756,1733,2441,3882,678,1774,2387,3916,700,1779,2485,3926,683,1720,2504,3844,638,1613,2463,3849
071_F_ENG_0026,101.8,0.068,EY,10,Purple,115,6435,478,2424,3075,4337,482,2451,3007,4353,494,2465,2991,4356,495,2476,3016,4324,486,2486,3018,4326,442,2520,3026,4403,422,2571,3019,4445,422,2602,3017,4480,413,2605,2973,4515,404,2615,2936,4553,400,2671,2858,4591
071_F_ENG_0027,253.7,0.036,IH,11,Teal,116,6063,440,1913,2834,4553,462,1911,2818,4570,476,1919,2786,4560,478,1921,2768,4545,472,1910,2774,4527,454,1856,2805,4484,424,1782,2823,4466,396,1745,2815,4471,366,1748,2805,4471,332,1807,2884,4494,311,1941,2944,4490
071_F_ENG_0028,252,0.08,OW,14,Maroon,117,5567,598,1349,2973,4432,597,1383,2984,4383,622,1448,2930,4363,618,1467,2895,4270,608,1465,2932,4210,600,1465,2917,4171,582,1446,2904,4143,556,1368,2838,4127,509,1269,2804,4001,485,1261,2788,4119,465,1260,2780,4271
071_F_ENG_0029,173.7,0.186,AO,4,Green,118,5320,751,1322,2515,3773,837,1302,2467,3758,835,1307,2466,3767,842,1310,2493,3759,852,1323,2508,3755,861,1350,2506,3745,882,1350,2497,3760,878,1338,2491,3818,835,1337,2462,3818,825,1353,2475,3795,811,1415,2466,3774
071_F_ENG_0030,220.5,0.038,UH,16,Silver,119,5815,434,2117,3157,3821,454,2115,3150,3802,462,2101,3143,3775,454,2109,3125,3720,445,2136,3101,3685,439,2146,3073,3665,434,2148,3038,3656,428,2134,2995,3646,425,2111,2942,3620,423,2093,2833,3593,420,2037,2698,3560
071_F_ENG_0031,210.3,0.07,IY,13,Pink,120,5815,380,2205,2710,3831,402,2331,2745,3886,413,2410,2821,4051,415,2481,2939,4119,414,2527,3095,4293,415,2547,3177,4183,414,2563,3157,4215,414,2572,3097,4211,410,2559,3037,4283,403,2576,3012,4290,407,2604,2927,4384
071_F_ENG_0032,195.3,0.088,IH,11,Teal,121,5815,506,1955,3018,4521,530,1955,3022,4489,548,1962,3048,4330,565,1996,2999,4285,581,2000,2918,4151,585,1993,2798,4080,587,1990,2800,4040,573,1961,2738,3888,553,1929,2590,3776,535,1937,2614,3625,493,1973,2536,3357
071_F_ENG_0033,188.2,0.096,AO,4,Green,122,5815,797,1468,2104,3395,837,1446,2195,3419,877,1409,2274,3437,948,1419,2430,3486,934,1445,2481,3505,894,1468,2510,3547,859,1487,2485,3586,835,1487,2462,3607,782,1502,2425,3610,710,1506,2388,3687,655,1505,2376,3724
071_F_ENG_0034,183.5,0.068,AE,2,Blue,123,7426,570,1835,3009,4432,580,1845,3022,4448,624,1839,3053,4441,677,1843,3046,4443,704,1846,3063,4400,729,1850,3059,4340,732,1842,3084,4352,722,1833,3097,4351,702,1810,3062,4335,671,1763,2979,4298,627,1714,2843,4228
071_F_ENG_0035,149.1,0.11,AH,3,Black,124,6683,721,1886,2931,4442,760,1637,2944,4272,816,1691,2964,4192,828,1665,2901,4171,841,1634,2805,4174,839,1580,2836,4170,787,1524,2856,4157,686,1551,2888,4159,673,1506,2882,4224,614,1473,2845,4198,461,1417,2849,4229
071_F_ENG_0036,202.5,0.122,EH,8,Black,125,6063,593,1912,3076,4465,644,1922,3010,4485,748,1961,3027,4510,783,1940,2940,4387,810,1927,3012,4321,836,1894,2871,4231,840,1857,2949,4230,836,1845,2994,4250,801,1827,2904,4281,696,1785,3012,4278,500,1700,2778,4368
071_F_ENG_0037,229.9,0.066,AO,4,Green,126,6187,540,1617,3234,3974,544,1337,2729,3560,550,1256,2515,3547,545,1204,2523,3553,548,1167,2499,3573,560,1153,2443,3563,560,1133,2379,3530,556,1121,2313,3502,558,1117,2240,3451,566,1118,2187,3428,577,1138,2103,3425
071_F_ENG_0038,188.3,0.096,IH,11,Teal,127,7178,644,1968,2935,4103,643,2052,2958,4125,654,2114,2995,4111,642,2112,2988,4113,632,2103,3053,4064,623,2121,3111,4072,633,2091,3097,4101,628,2080,3093,4102,603,2076,3106,4169,571,2044,3084,4185,522,2056,3100,4300
071_F_ENG_0039,214,0.128,UW,17,Cyan,128,5815,416,1603,2832,4284,415,1593,2818,4220,412,1482,2794,4220,414,1418,2735,4179,418,1419,2757,4071,424,1426,2774,4253,428,1381,2777,4281,433,1362,2704,4251,447,1378,2698,4163,484,1443,2679,4139,507,1533,2676,4151
071_F_ENG_0040,106.9,0.07,EH,8,Black,129,5691,495,1557,2656,4088,517,1671,2667,4100,564,1753,2651,4094,559,1754,2647,4108,516,1747,2663,4154,493,1749,2736,4154,506,1818,2734,4203,519,1816,2747,4357,517,1812,2782,4426,493,1810,2812,4427,454,1723,2834,4384
071_F_ENG_0041,200.3,0.07,AA,1,Red,130,5443,542,1436,2395,3604,738,1370,2320,3584,911,1525,2309,3640,920,1555,2286,3682,832,1477,2159,3679,818,1456,2135,3645,820,1485,2151,3681,767,1441,2146,3643,762,1443,2058,3692,782,1476,2040,3697,764,1490,2010,3715
071_F_ENG_0042,245.4,0.056,EH,8,Black,131,6930,451,2012,3013,4328,458,2012,3127,4380,463,2023,3185,4410,466,2031,3216,4409,463,2018,3107,4500,459,1971,3096,4502,460,1936,3082,4487,454,1948,3054,4555,439,1879,3065,4556,416,1834,3083,4570,386,1944,3138,4697
071_F_ENG_0043,279.2,0.058,IY,13,Pink,132,6807,330,2629,3209,4795,328,2640,3226,4818,340,2680,3159,4875,350,2787,3162,4905,352,2841,3129,4873,348,2810,3082,4828,341,2752,3153,4854,331,2729,3176,4894,320,2746,3110,4879,301,2799,3321,4795,278,2674,3413,4831
071_F_ENG_0044,78.3,0.11,UH,16,Silver,133,6683,569,1508,2695,4188,571,1591,2654,4215,590,1680,2718,4194,599,1722,2689,4180,573,1733,2684,4211,582,1834,2827,4202,599,1872,2818,4212,564,1865,2820,4330,537,1829,2803,4256,535,1909,2983,4113,502,1991,2967,3950
071_F_ENG_0045,197.9,0.044,AH,3,Black,134,5320,606,1407,2838,4028,609,1431,2849,4060,608,1447,2884,4093,614,1468,2937,4096,630,1501,2980,4126,632,1530,2979,4190,618,1551,2954,4243,607,1550,2964,4267,585,1550,2971,4272,559,1575,2963,4298,532,1613,2947,4326
071_F_ENG_0046,202.4,0.076,AO,4,Green,135,5072,602,1407,2479,3665,682,1529,2432,3656,722,1485,2461,3667,771,1321,2529,3674,762,1246,2504,3636,770,1050,2440,3596,773,1080,2410,3597,714,1085,2334,3582,726,1178,2247,3553,716,1257,2190,3519,719,1306,2079,3488
071_F_ENG_0047,285.5,0.068,IY,13,Pink,136,6063,332,2673,3071,4618,334,2651,3057,4639,362,2635,3037,4653,435,2620,3066,4521,487,2596,3056,4318,503,2562,3067,4233,511,2549,3033,4153,523,2535,2954,4121,511,2360,2861,4091,503,2022,2839,4105,508,1871,2861,4123
071_F_ENG_0048,197.7,0.178,UW,17,Cyan,137,6311,531,1591,2802,4335,535,1559,2760,4302,527,1585,2736,4257,526,1561,2658,4233,506,1520,2649,4231,495,1373,2643,4226,471,1294,2649,4241,461,1117,2646,4215,448,1187,2636,4185,474,1278,2655,4228,478,1442,2758,4286
071_F_ENG_0049,194.5,0.064,AO,4,Green,138,5691,611,1190,2583,3606,644,1100,2538,3554,690,1046,2484,3532,730,1067,2452,3527,727,1090,2400,3460,731,1145,2299,3466,732,1184,2209,3464,719,1187,2145,3456,717,1225,2096,3510,725,1288,2006,3563,715,1276,1960,3573
071_F_ENG_0050,198.3,0.068,OW,14,Maroon,139,5567,616,1358,2980,4102,606,1379,2974,4114,599,1385,2967,4128,589,1389,2949,4126,579,1387,2914,4098,567,1380,2908,4066,557,1381,2901,4042,549,1382,2871,4066,533,1389,2874,4132,527,1408,2899,4189,513,1446,2901,4225
071_F_ENG_0051,191.9,0.056,IH,11,Teal,140,6559,395,2079,3319,4064,405,1940,3032,4019,419,1920,3004,4067,420,1908,3006,4397,420,1887,3003,4498,431,1900,3001,4532,445,1906,3013,4513,458,1894,3005,4513,459,1873,2988,4511,454,1853,2974,4498,433,1815,3013,4463
071_F_ENG_0052,145,0.138,AE,2,Blue,141,5815,622,1720,2166,3677,687,1721,2178,3692,716,1660,2182,3673,732,1633,2210,3770,750,1614,2220,3807,761,1588,2271,3863,774,1599,2349,3859,767,1566,2396,3878,757,1532,2422,3853,730,1475,2499,3855,612,1357,2546,3859
071_F_ENG_0053,190.6,0.078,OW,14,Maroon,142,5691,571,1105,2786,3654,578,1104,2806,3658,586,1094,2840,3655,589,1060,2880,3657,578,1007,2905,3669,562,982,2924,3636,535,952,2991,3715,531,949,3049,3714,536,951,3028,3710,530,949,3050,3727,525,950,3073,3748
071_F_ENG_0054,208.3,0.046,IH,11,Teal,143,6435,456,1916,2988,4355,470,1952,2976,4345,481,1955,2953,4335,482,1927,2938,4308,471,1892,2934,4301,458,1865,2927,4352,448,1855,2931,4396,439,1849,2927,4419,429,1841,2909,4436,418,1825,2893,4449,387,1795,2895,4473
071_F_ENG_0055,189.8,0.056,OW,14,Maroon,144,5443,554,1288,2906,4054,555,1310,2868,3986,557,1308,2847,3998,554,1270,2849,4004,539,1271,2826,3979,535,1285,2808,3968,529,1262,2817,3992,516,1245,2821,3989,490,1228,2775,4012,451,1155,2761,4074,431,1151,2751,4119
071_F_ENG_0056,151.8,0.078,AW,5,Olive,145,6311,738,1651,2290,3627,752,1621,2276,3625,763,1630,2273,3695,776,1605,2305,3709,707,1583,2333,3602,656,1504,2318,3643,603,1475,2231,3572,557,1419,2314,3590,574,1378,2290,3535,640,1342,2298,3431,623,1392,2301,3379
071_F_ENG_0057,105.3,0.072,IH,11,Teal,146,5567,605,1944,2811,3789,589,1930,2793,3817,622,1901,2801,3807,616,1885,2808,3830,614,1875,2723,3839,609,1859,2737,3815,608,1829,2748,3793,565,1800,2669,3720,527,1750,2597,3694,503,1666,2544,3659,394,1570,2485,3598
071_F_ENG_0058,198.3,0.088,AE,2,Blue,147,6683,747,2010,3064,4099,731,1982,3031,4148,747,1952,3007,4138,757,1975,3016,4104,776,1985,3043,4116,784,1982,3051,4234,782,1970,3062,4262,766,1974,3052,4259,748,1956,3049,4204,733,1918,3042,4216,688,1900,3055,4415
071_F_ENG_0059,198.8,0.068,AE,2,Blue,148,7302,771,1872,3162,4385,798,1880,3176,4350,819,1880,3149,4314,831,1860,3120,4378,836,1839,3065,4413,828,1816,3085,4381,794,1805,3085,4350,738,1801,3104,4382,750,1766,3168,4350,767,1620,3255,4341,753,1556,3170,4310
071_F_ENG_0060,197.3,0.15,AE,2,Blue,149,6187,807,1747,2846,4296,844,1805,2758,4255,852,1801,2654,4218,863,1785,2618,4194,877,1773,2619,4145,895,1740,2620,4117,901,1704,2606,4134,899,1681,2616,4089,894,1690,2649,4029,869,1703,2724,4051,819,1730,2917,4106
071_F_ENG_0061,212.7,0.068,AO,4,Green,150,5691,491,1436,2156,3254,550,1363,2174,3278,586,1302,2310,3477,581,1269,2317,3518,560,1210,2343,3516,516,1130,2261,3488,498,1119,2202,3530,499,1132,2151,3500,522,1151,2160,3506,533,1155,2130,3490,555,1215,2079,3432
071_F_ENG_0062,92.8,0.084,AY,7,Magenta,151,6807,627,2078,2994,4000,619,2160,3035,4047,608,2177,3078,4065,599,2208,3113,4104,599,2236,3145,4119,590,2213,3139,4128,577,2215,3128,4293,562,2222,3100,4248,557,2231,3154,4196,535,2096,3141,4279,509,2024,3106,4313
071_F_ENG_0063,193.2,0.16,EY,10,Purple,152,6435,425,2497,2982,4296,473,2479,2991,4302,506,2465,2990,4354,512,2429,2897,4304,514,2446,2875,4339,517,2438,2794,4342,508,2372,2804,4364,489,2390,2752,4356,467,2109,2656,4279,433,1754,2616,4210,372,1709,2800,4114
071_F_ENG_0064,184.3,0.102,AH,3,Black,153,6063,771,1373,2682,3931,755,1341,2670,3928,716,1300,2709,3903,723,1311,2714,3927,730,1312,2735,3925,704,1305,2724,3866,643,1298,2700,3888,601,1360,2694,3924,561,1353,2666,3842,502,1322,2637,3822,504,1348,2681,3499
071_F_ENG_0065,127.9,0.088,EH,8,Black,154,6435,819,1853,2779,4416,805,1780,2611,3836,799,1724,2605,3743,786,1695,2603,3817,816,1697,2541,3730,806,1729,2569,3696,837,1754,2454,3437,815,1761,2394,3464,733,1633,2485,3506,707,1599,2515,3499,694,1582,2512,3529
071_F_ENG_0066,206.4,0.104,EH,8,Black,155,7178,563,1866,3054,4606,608,1879,3048,4677,637,1938,3059,4588,699,1942,3050,4400,768,1868,3031,4254,805,1846,3038,4238,819,1832,3061,4195,834,1829,3085,4198,824,1795,3074,4212,759,1722,3068,4246,668,1679,3108,4258
071_F_ENG_0067,272.4,0.062,AH,3,Black,156,6063,483,1651,2818,4109,521,1690,3031,4158,550,1699,3089,4182,577,1732,3051,4187,579,1746,3057,4197,537,1751,3039,4223,472,1741,3060,4263,463,1771,3201,4306,412,1852,3191,4304,628,2026,3162,4380,932,2057,3235,4390
071_F_ENG_0068,200,0.144,AH,3,Black,157,6187,678,1579,3058,4159,777,1546,3000,4040,854,1521,2955,3917,859,1487,2912,3880,865,1478,2862,3843,890,1509,2869,3810,903,1552,2910,3794,847,1573,2938,3843,842,1662,2966,3826,796,1736,2974,3790,660,1763,3045,3817
071_F_ENG_0069,198.8,0.148,AY,7,Magenta,158,6683,752,1838,2916,4059,826,1815,2819,3979,870,1816,2812,4035,902,1856,2829,4034,870,1863,2816,3963,839,1905,2865,3908,783,1954,2908,3878,779,2142,3021,3925,771,2235,3121,3994,661,2194,3123,4219,602,2178,3101,4368
071_F_ENG_0070,163,0.138,AW,5,Olive,159,6435,649,1882,2782,4166,716,1814,2660,4160,743,1712,2516,4250,781,1603,2417,4009,832,1585,2368,4037,848,1531,2375,4015,846,1462,2405,3984,833,1392,2457,3909,762,1304,2522,3859,601,1256,2565,3825,558,1192,2707,3791
071_F_ENG_0071,178.7,0.058,AO,4,Green,160,5196,530,1110,2705,3705,541,1122,2629,3734,549,1066,2554,3694,557,1058,2583,3639,566,1073,2576,3563,588,1088,2534,3517,599,1070,2534,3493,601,1052,2511,3460,638,1067,2446,3350,674,1095,2382,3338,703,1150,2356,3348
071_F_ENG_0072,189.2,0.048,AE,2,Blue,161,7302,469,2024,3133,4174,571,2058,3293,4150,660,2077,3336,4168,712,2057,3161,4191,699,2030,3083,4217,666,2025,3077,4219,672,2012,3044,4191,677,2024,3021,4176,681,2083,2966,4208,663,2009,2940,4311,634,2012,3019,4441
071_F_ENG_0073,205.3,0.06,IY,13,Pink,162,7550,472,2440,2799,4347,478,2674,2850,4300,467,2698,2972,4369,463,2729,3010,4411,462,2761,3070,4461,458,2743,3121,4494,455,2732,3143,4543,437,2708,3159,4601,427,2700,3155,4624,419,2679,3121,4615,414,2609,3004,4657
071_F_ENG_0074,195.9,0.118,AE,2,Blue,163,6187,686,1681,2233,3653,751,1675,2284,3626,780,1675,2330,3625,803,1646,2344,3651,814,1613,2357,3673,825,1604,2395,3685,832,1577,2406,3661,831,1548,2461,3657,799,1502,2484,3653,751,1454,2507,3615,698,1360,2556,3603
071_F_ENG_0075,195.6,0.058,UH,16,Silver,164,6683,566,1686,2952,4233,563,1652,2841,4249,566,1597,2841,4133,565,1605,2839,4210,570,1627,2850,4322,571,1633,2807,4312,566,1594,2737,4242,557,1577,2747,4291,539,1571,2765,4412,496,1537,2747,4492,447,1521,2855,4442
071_F_ENG_0076,91.3,0.124,AO,4,Green,165,5691,819,1374,2504,3859,823,1349,2479,3864,821,1340,2498,3838,856,1345,2481,3784,845,1325,2476,3802,849,1329,2479,3761,859,1331,2506,3766,861,1345,2504,3795,844,1383,2516,3840,808,1421,2510,3799,776,1459,2508,3753
071_F_ENG_0077,194.9,0.06,IH,11,Teal,166,6311,467,2095,2923,4343,472,2084,2921,4396,492,2075,2898,4406,498,2072,2903,4429,477,2027,2931,4410,457,2001,2922,4421,437,1951,2907,4408,413,1844,2901,4412,393,1835,2917,4496,385,1748,2913,4521,382,1768,2904,4451
071_F_ENG_0078,92,0.086,OW,14,Maroon,167,6187,644,1395,2927,4113,655,1376,2857,3947,650,1371,2777,3934,672,1347,2700,3860,658,1357,2692,3858,614,1370,2650,3808,561,1353,2636,3796,504,1255,2561,3770,490,1215,2525,3795,492,1217,2518,3859,494,1185,2474,3882
071_F_ENG_0079,214.9,0.044,AE,2,Blue,168,6435,636,1844,3025,4251,661,1850,2991,4234,687,1861,2997,4225,688,1883,3067,4221,673,1896,3098,4228,668,1888,3108,4246,669,1879,3107,4267,659,1889,3053,4272,644,1899,2941,4281,624,1896,2834,4308,556,1878,2755,4339
071_F_ENG_0080,167.1,0.268,OW,14,Maroon,169,6311,574,1710,3018,4518,635,1609,2967,4191,686,1475,2653,4104,680,1334,2604,4053,663,1304,2702,4035,651,1253,2815,4005,599,1241,2779,4010,524,1210,2805,3869,546,1092,2830,3666,523,1129,2769,3639,472,1307,2676,3833
071_F_ENG_0081,200.7,0.076,AO,4,Green,170,5939,615,1456,2709,3542,667,1407,2481,3583,672,1345,2481,3577,683,1295,2498,3549,679,1243,2491,3528,679,1218,2475,3523,687,1210,2424,3518,692,1206,2374,3527,688,1213,2318,3526,690,1226,2261,3523,693,1242,2223,3523
071_F_ENG_0082,188.4,0.074,AY,7,Magenta,171,6311,649,1892,2823,3795,653,1936,2836,3828,658,1991,2893,3937,675,2022,2938,3938,681,2021,2959,3944,685,2029,2980,3981,674,2014,2994,4014,658,2008,3022,4109,627,1994,3070,4166,614,1976,3109,4182,578,1916,3102,4162
071_F_ENG_0083,194.2,0.074,AH,3,Black,172,5691,437,1131,2638,3997,458,1160,2649,3986,493,1217,2621,4087,530,1322,2656,4094,550,1385,2679,4082,565,1471,2699,4054,568,1545,2721,4063,564,1569,2719,4196,545,1567,2722,4232,501,1559,2754,4209,429,1565,2809,4254
071_F_ENG_0084,187.6,0.13,AY,7,Magenta,173,5691,723,1240,2875,3856,765,1334,2746,3908,801,1415,2682,3810,775,1515,2662,3788,727,1654,2669,3752,730,1729,2584,3865,732,1802,2555,3851,724,1798,2685,3948,644,2027,2843,3811,573,2161,2814,3741,523,2188,2890,3587
071_F_ENG_0085,238.6,0.052,UW,17,Cyan,174,5320,373,2247,2837,3660,415,2253,2841,3659,449,2267,2841,3678,458,2284,2768,3672,459,2221,2723,3677,459,2206,2732,3790,451,2163,2671,3801,444,2080,2669,3817,433,2017,2670,3850,414,1970,2678,3862,364,1853,2701,3845
071_F_ENG_0086,91,0.11,EH,8,Black,175,6683,703,1663,2641,3881,716,1662,2688,3880,741,1615,2682,3964,799,1701,2680,3941,796,1715,2687,3963,803,1724,2736,4070,806,1731,2740,4067,791,1733,2737,4097,777,1756,2750,4123,752,1821,2826,4226,692,1880,2812,4452
071_F_ENG_0087,203.6,0.134,AH,3,Black,176,6063,602,1563,2934,4177,698,1580,2819,4040,755,1544,2774,3975,785,1508,2729,3952,806,1493,2668,3913,823,1507,2669,3816,852,1552,2688,3773,825,1562,2756,3776,816,1599,2828,3743,781,1611,2899,3539,709,1579,2958,3542
071_F_ENG_0088,93.7,0.066,AO,4,Green,177,7054,851,1476,2254,3408,834,1458,2297,3428,818,1452,2354,3501,810,1453,2432,3537,790,1456,2456,3610,817,1472,2500,3664,782,1506,2560,3754,749,1519,2574,3769,699,1543,2599,3830,651,1553,2629,3859,600,1578,2671,3896
071_F_ENG_0089,192.1,0.086,AH,3,Black,178,5939,674,1627,2318,3767,672,1640,2340,3767,739,1630,2441,3821,706,1537,2502,3809,671,1536,2517,3836,630,1522,2572,3859,632,1478,2580,3870,610,1457,2595,3892,589,1411,2573,3881,555,1422,2557,3846,497,1390,2652,3787
071_F_ENG_0090,0,0.132,UW,17,Cyan,179,5691,537,2107,2822,3921,553,2052,2848,3980,551,2124,2670,3849,556,1885,2604,3871,555,1867,2541,3935,550,1619,2544,3769,565,1567,2539,3756,558,1426,2504,3610,557,1385,2494,3644,493,1187,2559,3577,535,1151,2540,3564
