file,label,group,color,number
018_F_CMN_0001.wav,AO,4,Green,1
018_F_CMN_0002.wav,IH,11,Teal,2
018_F_CMN_0003.wav,AE,2,Blue,3
018_F_CMN_0004.wav,AH,3,Black,4
018_F_CMN_0005.wav,UW,17,Cyan,5
018_F_CMN_0006.wav,IH,11,Teal,6
018_F_CMN_0007.wav,AH,3,Black,7
018_F_CMN_0008.wav,AO,4,Green,8
018_F_CMN_0009.wav,IH,11,Teal,9
018_F_CMN_0010.wav,AE,2,Blue,10
018_F_CMN_0011.wav,EY,10,Purple,11
018_F_CMN_0012.wav,AO,4,Green,12
018_F_CMN_0013.wav,AE,2,Blue,13
018_F_CMN_0014.wav,IH,11,Teal,14
018_F_CMN_0015.wav,AO,4,Green,15
018_F_CMN_0016.wav,OW,14,Maroon,16
018_F_CMN_0017.wav,EY,10,Purple,17
018_F_CMN_0018.wav,IY,13,Pink,18
018_F_CMN_0019.wav,AE,2,Blue,19
018_F_CMN_0020.wav,AH,3,Black,20
018_F_CMN_0021.wav,UW,17,Cyan,21
018_F_CMN_0022.wav,ER,9,Lime,22
018_F_CMN_0023.wav,IY,13,Pink,23
018_F_CMN_0024.wav,IH,11,Teal,24
018_F_CMN_0025.wav,EY,10,Purple,25
018_F_CMN_0026.wav,AE,2,Blue,26
018_F_CMN_0027.wav,EY,10,Purple,27
018_F_CMN_0028.wav,IH,11,Teal,28
018_F_CMN_0029.wav,OW,14,Maroon,29
018_F_CMN_0030.wav,AO,4,Green,30
018_F_CMN_0031.wav,UH,16,Silver,31
018_F_CMN_0032.wav,IY,13,Pink,32
018_F_CMN_0033.wav,IH,11,Teal,33
018_F_CMN_0034.wav,AO,4,Green,34
018_F_CMN_0035.wav,AE,2,Blue,35
018_F_CMN_0036.wav,AH,3,Black,36
018_F_CMN_0037.wav,EH,8,Black,37
018_F_CMN_0038.wav,AO,4,Green,38
018_F_CMN_0039.wav,IH,11,Teal,39
018_F_CMN_0040.wav,UW,17,Cyan,40
018_F_CMN_0041.wav,AE,2,Blue,41
018_F_CMN_0042.wav,AA,1,Red,42
018_F_CMN_0043.wav,AE,2,Blue,43
018_F_CMN_0044.wav,IY,13,Pink,44
018_F_CMN_0045.wav,UH,16,Silver,45
018_F_CMN_0046.wav,AH,3,Black,46
018_F_CMN_0047.wav,AO,4,Green,47
018_F_CMN_0048.wav,IY,13,Pink,48
018_F_CMN_0049.wav,UW,17,Cyan,49
018_F_CMN_0050.wav,AO,4,Green,50
018_F_CMN_0051.wav,OW,14,Maroon,51
018_F_CMN_0052.wav,IH,11,Teal,52
018_F_CMN_0053.wav,AE,2,Blue,53
018_F_CMN_0054.wav,OW,14,Maroon,54
018_F_CMN_0055.wav,IH,11,Teal,55
018_F_CMN_0056.wav,OW,14,Maroon,56
018_F_CMN_0057.wav,AW,5,Olive,57
018_F_CMN_0058.wav,IH,11,Teal,58
018_F_CMN_0059.wav,AE,2,Blue,59
018_F_CMN_0060.wav,AE,2,Blue,60
018_F_CMN_0061.wav,AE,2,Blue,61
018_F_CMN_0062.wav,AO,4,Green,62
018_F_CMN_0063.wav,IH,11,Teal,63
018_F_CMN_0064.wav,EY,10,Purple,64
018_F_CMN_0065.wav,AH,3,Black,65
018_F_CMN_0066.wav,EH,8,Black,66
018_F_CMN_0067.wav,EH,8,Black,67
018_F_CMN_0068.wav,AH,3,Black,68
018_F_CMN_0069.wav,AY,7,Magenta,69
018_F_CMN_0070.wav,AW,5,Olive,70
018_F_CMN_0071.wav,AO,4,Green,71
018_F_CMN_0072.wav,AE,2,Blue,72
018_F_CMN_0073.wav,IY,13,Pink,73
018_F_CMN_0074.wav,AE,2,Blue,74
018_F_CMN_0075.wav,UH,16,Silver,75
018_F_CMN_0076.wav,AO,4,Green,76
018_F_CMN_0077.wav,IH,11,Teal,77
018_F_CMN_0078.wav,OW,14,Maroon,78
018_F_CMN_0079.wav,AE,2,Blue,79
018_F_CMN_0080.wav,OW,14,Maroon,80
018_F_CMN_0081.wav,AO,4,Green,81
018_F_CMN_0082.wav,IH,11,Teal,82
018_F_CMN_0083.wav,AY,7,Magenta,83
018_F_CMN_0084.wav,UW,17,Cyan,84
018_F_CMN_0085.wav,EH,8,Black,85
018_F_CMN_0086.wav,AE,2,Blue,86
018_F_CMN_0087.wav,AH,3,Black,87
018_F_CMN_0088.wav,AH,3,Black,88
018_F_CMN_0089.wav,AO,4,Green,89
018_F_CMN_0090.wav,AH,3,Black,90
018_F_CMN_0091.wav,UW,17,Cyan,91
026_F_JPN_0001.wav,AO,4,Green,92
026_F_JPN_0002.wav,IH,11,Teal,93
026_F_JPN_0003.wav,AE,2,Blue,94
026_F_JPN_0004.wav,AH,3,Black,95
026_F_JPN_0005.wav,ER,9,Lime,96
026_F_JPN_0006.wav,UW,17,Cyan,97
026_F_JPN_0007.wav,IH,11,Teal,98
026_F_JPN_0008.wav,AO,4,Green,99
026_F_JPN_0009.wav,IH,11,Teal,100
026_F_JPN_0010.wav,AE,2,Blue,101
026_F_JPN_0011.wav,EY,10,Purple,102
026_F_JPN_0012.wav,AO,4,Green,103
026_F_JPN_0013.wav,AE,2,Blue,104
026_F_JPN_0014.wav,IH,11,Teal,105
026_F_JPN_0015.wav,AO,4,Green,106
026_F_JPN_0016.wav,OW,14,Maroon,107
026_F_JPN_0017.wav,EY,10,Purple,108
026_F_JPN_0018.wav,IY,13,Pink,109
026_F_JPN_0019.wav,AE,2,Blue,110
026_F_JPN_0020.wav,AH,3,Black,111
026_F_JPN_0021.wav,UW,17,Cyan,112
026_F_JPN_0022.wav,ER,9,Lime,113
026_F_JPN_0023.wav,IY,13,Pink,114
026_F_JPN_0024.wav,IH,11,Teal,115
026_F_JPN_0025.wav,EY,10,Purple,116
026_F_JPN_0026.wav,AE,2,Blue,117
026_F_JPN_0027.wav,EY,10,Purple,118
026_F_JPN_0028.wav,IH,11,Teal,119
026_F_JPN_0029.wav,OW,14,Maroon,120
026_F_JPN_0030.wav,AO,4,Green,121
026_F_JPN_0031.wav,UH,16,Silver,122
026_F_JPN_0032.wav,AO,4,Green,123
026_F_JPN_0033.wav,AE,2,Blue,124
026_F_JPN_0034.wav,AH,3,Black,125
026_F_JPN_0035.wav,EH,8,Black,126
026_F_JPN_0036.wav,AO,4,Green,127
026_F_JPN_0037.wav,IH,11,Teal,128
026_F_JPN_0038.wav,UW,17,Cyan,129
026_F_JPN_0039.wav,AE,2,Blue,130
026_F_JPN_0040.wav,AA,1,Red,131
026_F_JPN_0041.wav,AE,2,Blue,132
026_F_JPN_0042.wav,IY,13,Pink,133
026_F_JPN_0043.wav,UH,16,Silver,134
026_F_JPN_0044.wav,AH,3,Black,135
026_F_JPN_0045.wav,AO,4,Green,136
026_F_JPN_0046.wav,IY,13,Pink,137
026_F_JPN_0047.wav,UW,17,Cyan,138
026_F_JPN_0048.wav,AO,4,Green,139
026_F_JPN_0049.wav,OW,14,Maroon,140
026_F_JPN_0050.wav,AE,2,Blue,141
026_F_JPN_0051.wav,OW,14,Maroon,142
026_F_JPN_0052.wav,IH,11,Teal,143
026_F_JPN_0053.wav,OW,14,Maroon,144
026_F_JPN_0054.wav,AW,5,Olive,145
026_F_JPN_0055.wav,IH,11,Teal,146
026_F_JPN_0056.wav,AE,2,Blue,147
026_F_JPN_0057.wav,AE,2,Blue,148
026_F_JPN_0058.wav,AE,2,Blue,149
026_F_JPN_0059.wav,AO,4,Green,150
026_F_JPN_0060.wav,IH,11,Teal,151
026_F_JPN_0061.wav,EY,10,Purple,152
026_F_JPN_0062.wav,AH,3,Black,153
026_F_JPN_0063.wav,EH,8,Black,154
026_F_JPN_0064.wav,EH,8,Black,155
026_F_JPN_0065.wav,AH,3,Black,156
026_F_JPN_0066.wav,AY,7,Magenta,157
026_F_JPN_0067.wav,AW,5,Olive,158
026_F_JPN_0068.wav,AO,4,Green,159
026_F_JPN_0069.wav,IY,13,Pink,160
026_F_JPN_0070.wav,AH,3,Black,161
026_F_JPN_0071.wav,AE,2,Blue,162
026_F_JPN_0072.wav,UH,16,Silver,163
026_F_JPN_0073.wav,AO,4,Green,164
026_F_JPN_0074.wav,IH,11,Teal,165
026_F_JPN_0075.wav,OW,14,Maroon,166
026_F_JPN_0076.wav,AE,2,Blue,167
026_F_JPN_0077.wav,OW,14,Maroon,168
026_F_JPN_0078.wav,AO,4,Green,169
026_F_JPN_0079.wav,IH,11,Teal,170
026_F_JPN_0080.wav,AO,4,Green,171
026_F_JPN_0081.wav,AY,7,Magenta,172
026_F_JPN_0082.wav,EH,8,Black,173
026_F_JPN_0083.wav,AE,2,Blue,174
026_F_JPN_0084.wav,AH,3,Black,175
026_F_JPN_0085.wav,AH,3,Black,176
026_F_JPN_0086.wav,AO,4,Green,177
026_F_JPN_0087.wav,AH,3,Black,178
026_F_JPN_0088.wav,AH,3,Black,179
026_F_JPN_0089.wav,UW,17,Cyan,180
071_F_ENG_0001.wav,AO,4,Green,181
071_F_ENG_0002.wav,IH,11,Teal,182
071_F_ENG_0003.wav,AE,2,Blue,183
071_F_ENG_0004.wav,AH,3,Black,184
071_F_ENG_0005.wav,UW,17,Cyan,185
071_F_ENG_0006.wav,IH,11,Teal,186
071_F_ENG_0007.wav,AO,4,Green,187
071_F_ENG_0008.wav,EH,8,Black,188
071_F_ENG_0009.wav,AE,2,Blue,189
071_F_ENG_0010.wav,EY,10,Purple,190
071_F_ENG_0011.wav,AO,4,Green,191
071_F_ENG_0012.wav,AE,2,Blue,192
071_F_ENG_0013.wav,IH,11,Teal,193
071_F_ENG_0014.wav,AO,4,Green,194
071_F_ENG_0015.wav,OW,14,Maroon,195
071_F_ENG_0016.wav,EY,10,Purple,196
071_F_ENG_0017.wav,IY,13,Pink,197
071_F_ENG_0018.wav,AE,2,Blue,198
071_F_ENG_0019.wav,AH,3,Black,199
071_F_ENG_0020.wav,UW,17,Cyan,200
071_F_ENG_0021.wav,ER,9,Lime,201
071_F_ENG_0022.wav,IY,13,Pink,202
071_F_ENG_0023.wav,IH,11,Teal,203
071_F_ENG_0024.wav,EY,10,Purple,204
071_F_ENG_0025.wav,AE,2,Blue,205
071_F_ENG_0026.wav,EY,10,Purple,206
071_F_ENG_0027.wav,IH,11,Teal,207
071_F_ENG_0028.wav,OW,14,Maroon,208
071_F_ENG_0029.wav,AO,4,Green,209
071_F_ENG_0030.wav,UH,16,Silver,210
071_F_ENG_0031.wav,IY,13,Pink,211
071_F_ENG_0032.wav,IH,11,Teal,212
071_F_ENG_0033.wav,AO,4,Green,213
071_F_ENG_0034.wav,AE,2,Blue,214
071_F_ENG_0035.wav,AH,3,Black,215
071_F_ENG_0036.wav,EH,8,Black,216
071_F_ENG_0037.wav,AO,4,Green,217
071_F_ENG_0038.wav,IH,11,Teal,218
071_F_ENG_0039.wav,UW,17,Cyan,219
071_F_ENG_0040.wav,EH,8,Black,220
071_F_ENG_0041.wav,AA,1,Red,221
071_F_ENG_0042.wav,EH,8,Black,222
071_F_ENG_0043.wav,IY,13,Pink,223
071_F_ENG_0044.wav,UH,16,Silver,224
071_F_ENG_0045.wav,AH,3,Black,225
071_F_ENG_0046.wav,AO,4,Green,226
071_F_ENG_0047.wav,IY,13,Pink,227
071_F_ENG_0048.wav,UW,17,Cyan,228
071_F_ENG_0049.wav,AO,4,Green,229
071_F_ENG_0050.wav,OW,14,Maroon,230
071_F_ENG_0051.wav,IH,11,Teal,231
071_F_ENG_0052.wav,AE,2,Blue,232
071_F_ENG_0053.wav,OW,14,Maroon,233
071_F_ENG_0054.wav,IH,11,Teal,234
071_F_ENG_0055.wav,OW,14,Maroon,235
071_F_ENG_0056.wav,AW,5,Olive,236
071_F_ENG_0057.wav,IH,11,Teal,237
071_F_ENG_0058.wav,AE,2,Blue,238
071_F_ENG_0059.wav,AE,2,Blue,239
071_F_ENG_0060.wav,AE,2,Blue,240
071_F_ENG_0061.wav,AO,4,Green,241
071_F_ENG_0062.wav,AY,7,Magenta,242
071_F_ENG_0063.wav,EY,10,Purple,243
071_F_ENG_0064.wav,AH,3,Black,244
071_F_ENG_0065.wav,EH,8,Black,245
071_F_ENG_0066.wav,EH,8,Black,246
071_F_ENG_0067.wav,AH,3,Black,247
071_F_ENG_0068.wav,AH,3,Black,248
071_F_ENG_0069.wav,AY,7,Magenta,249
071_F_ENG_0070.wav,AW,5,Olive,250
071_F_ENG_0071.wav,AO,4,Green,251
071_F_ENG_0072.wav,AE,2,Blue,252
071_F_ENG_0073.wav,IY,13,Pink,253
071_F_ENG_0074.wav,AE,2,Blue,254
071_F_ENG_0075.wav,UH,16,Silver,255
071_F_ENG_0076.wav,AO,4,Green,256
071_F_ENG_0077.wav,IH,11,Teal,257
071_F_ENG_0078.wav,OW,14,Maroon,258
071_F_ENG_0079.wav,AE,2,Blue,259
071_F_ENG_0080.wav,OW,14,Maroon,260
071_F_ENG_0081.wav,AO,4,Green,261
071_F_ENG_0082.wav,AY,7,Magenta,262
071_F_ENG_0083.wav,AH,3,Black,263
071_F_ENG_0084.wav,AY,7,Magenta,264
071_F_ENG_0085.wav,UW,17,Cyan,265
071_F_ENG_0086.wav,EH,8,Black,266
071_F_ENG_0087.wav,AH,3,Black,267
071_F_ENG_0088.wav,AO,4,Green,268
071_F_ENG_0089.wav,AH,3,Black,269
071_F_ENG_0090.wav,UW,17,Cyan,270
085_F_CCT_0001.wav,AO,4,Green,271
085_F_CCT_0002.wav,IH,11,Teal,272
085_F_CCT_0003.wav,AE,2,Blue,273
085_F_CCT_0004.wav,AH,3,Black,274
085_F_CCT_0005.wav,AH,3,Black,275
085_F_CCT_0006.wav,UW,17,Cyan,276
085_F_CCT_0007.wav,IH,11,Teal,277
085_F_CCT_0008.wav,AA,1,Red,278
085_F_CCT_0009.wav,AO,4,Green,279
085_F_CCT_0010.wav,EH,8,Black,280
085_F_CCT_0011.wav,EY,10,Purple,281
085_F_CCT_0012.wav,AE,2,Blue,282
085_F_CCT_0013.wav,EY,10,Purple,283
085_F_CCT_0014.wav,AO,4,Green,284
085_F_CCT_0015.wav,AE,2,Blue,285
085_F_CCT_0016.wav,IH,11,Teal,286
085_F_CCT_0017.wav,EY,10,Purple,287
085_F_CCT_0018.wav,AO,4,Green,288
085_F_CCT_0019.wav,OW,14,Maroon,289
085_F_CCT_0020.wav,EY,10,Purple,290
085_F_CCT_0021.wav,IY,13,Pink,291
085_F_CCT_0022.wav,AE,2,Blue,292
085_F_CCT_0023.wav,AH,3,Black,293
085_F_CCT_0024.wav,UW,17,Cyan,294
085_F_CCT_0025.wav,ER,9,Lime,295
085_F_CCT_0026.wav,IY,13,Pink,296
085_F_CCT_0027.wav,IH,11,Teal,297
085_F_CCT_0028.wav,EY,10,Purple,298
085_F_CCT_0029.wav,AE,2,Blue,299
085_F_CCT_0030.wav,EY,10,Purple,300
085_F_CCT_0031.wav,OW,14,Maroon,301
085_F_CCT_0032.wav,AO,4,Green,302
085_F_CCT_0033.wav,UH,16,Silver,303
085_F_CCT_0034.wav,IY,13,Pink,304
085_F_CCT_0035.wav,IH,11,Teal,305
085_F_CCT_0036.wav,AO,4,Green,306
085_F_CCT_0037.wav,AE,2,Blue,307
085_F_CCT_0038.wav,AH,3,Black,308
085_F_CCT_0039.wav,AH,3,Black,309
085_F_CCT_0040.wav,EH,8,Black,310
085_F_CCT_0041.wav,AO,4,Green,311
085_F_CCT_0042.wav,IH,11,Teal,312
085_F_CCT_0043.wav,UW,17,Cyan,313
085_F_CCT_0044.wav,AE,2,Blue,314
085_F_CCT_0045.wav,AA,1,Red,315
085_F_CCT_0046.wav,AE,2,Blue,316
085_F_CCT_0047.wav,IY,13,Pink,317
085_F_CCT_0048.wav,UH,16,Silver,318
085_F_CCT_0049.wav,AH,3,Black,319
085_F_CCT_0050.wav,AO,4,Green,320
085_F_CCT_0051.wav,IY,13,Pink,321
085_F_CCT_0052.wav,UW,17,Cyan,322
085_F_CCT_0053.wav,AO,4,Green,323
085_F_CCT_0054.wav,OW,14,Maroon,324
085_F_CCT_0055.wav,IH,11,Teal,325
085_F_CCT_0056.wav,AE,2,Blue,326
085_F_CCT_0057.wav,OW,14,Maroon,327
085_F_CCT_0058.wav,IH,11,Teal,328
085_F_CCT_0059.wav,OW,14,Maroon,329
085_F_CCT_0060.wav,AW,5,Olive,330
085_F_CCT_0061.wav,IH,11,Teal,331
085_F_CCT_0062.wav,AE,2,Blue,332
085_F_CCT_0063.wav,AE,2,Blue,333
085_F_CCT_0064.wav,AE,2,Blue,334
085_F_CCT_0065.wav,AO,4,Green,335
085_F_CCT_0066.wav,IH,11,Teal,336
085_F_CCT_0067.wav,EY,10,Purple,337
085_F_CCT_0068.wav,AH,3,Black,338
085_F_CCT_0069.wav,EH,8,Black,339
085_F_CCT_0070.wav,EH,8,Black,340
085_F_CCT_0071.wav,AH,3,Black,341
085_F_CCT_0072.wav,AY,7,Magenta,342
085_F_CCT_0073.wav,AW,5,Olive,343
085_F_CCT_0074.wav,AO,4,Green,344
085_F_CCT_0075.wav,IY,13,Pink,345
085_F_CCT_0076.wav,AH,3,Black,346
085_F_CCT_0077.wav,AE,2,Blue,347
085_F_CCT_0078.wav,UH,16,Silver,348
085_F_CCT_0079.wav,AO,4,Green,349
085_F_CCT_0080.wav,IH,11,Teal,350
085_F_CCT_0081.wav,OW,14,Maroon,351
085_F_CCT_0082.wav,AE,2,Blue,352
085_F_CCT_0083.wav,OW,14,Maroon,353
085_F_CCT_0084.wav,AO,4,Green,354
085_F_CCT_0085.wav,IH,11,Teal,355
085_F_CCT_0086.wav,AA,1,Red,356
085_F_CCT_0087.wav,IH,11,Teal,357
085_F_CCT_0088.wav,EH,8,Black,358
085_F_CCT_0089.wav,AE,2,Blue,359
085_F_CCT_0090.wav,AH,3,Black,360
085_F_CCT_0091.wav,AH,3,Black,361
085_F_CCT_0092.wav,AA,1,Red,362
085_F_CCT_0093.wav,AO,4,Green,363
085_F_CCT_0094.wav,AH,3,Black,364
085_F_CCT_0095.wav,UW,17,Cyan,365
120_F_VIE_0001.wav,AO,4,Green,366
120_F_VIE_0002.wav,IH,11,Teal,367
120_F_VIE_0003.wav,AE,2,Blue,368
120_F_VIE_0004.wav,AH,3,Black,369
120_F_VIE_0005.wav,ER,9,Lime,370
120_F_VIE_0006.wav,UW,17,Cyan,371
120_F_VIE_0007.wav,IH,11,Teal,372
120_F_VIE_0008.wav,AH,3,Black,373
120_F_VIE_0009.wav,AO,4,Green,374
120_F_VIE_0010.wav,EH,8,Black,375
120_F_VIE_0011.wav,AE,2,Blue,376
120_F_VIE_0012.wav,EY,10,Purple,377
120_F_VIE_0013.wav,AO,4,Green,378
120_F_VIE_0014.wav,AE,2,Blue,379
120_F_VIE_0015.wav,IH,11,Teal,380
120_F_VIE_0016.wav,AO,4,Green,381
120_F_VIE_0017.wav,OW,14,Maroon,382
120_F_VIE_0018.wav,EY,10,Purple,383
120_F_VIE_0019.wav,IY,13,Pink,384
120_F_VIE_0020.wav,AE,2,Blue,385
120_F_VIE_0021.wav,AH,3,Black,386
120_F_VIE_0022.wav,UW,17,Cyan,387
120_F_VIE_0023.wav,ER,9,Lime,388
120_F_VIE_0024.wav,IY,13,Pink,389
120_F_VIE_0025.wav,IH,11,Teal,390
120_F_VIE_0026.wav,EY,10,Purple,391
120_F_VIE_0027.wav,AE,2,Blue,392
120_F_VIE_0028.wav,EY,10,Purple,393
120_F_VIE_0029.wav,IH,11,Teal,394
120_F_VIE_0030.wav,OW,14,Maroon,395
120_F_VIE_0031.wav,AO,4,Green,396
120_F_VIE_0032.wav,UH,16,Silver,397
120_F_VIE_0033.wav,IY,13,Pink,398
120_F_VIE_0034.wav,IH,11,Teal,399
120_F_VIE_0035.wav,AO,4,Green,400
120_F_VIE_0036.wav,AE,2,Blue,401
120_F_VIE_0037.wav,AH,3,Black,402
120_F_VIE_0038.wav,EH,8,Black,403
120_F_VIE_0039.wav,AO,4,Green,404
120_F_VIE_0040.wav,IH,11,Teal,405
120_F_VIE_0041.wav,UW,17,Cyan,406
120_F_VIE_0042.wav,AE,2,Blue,407
120_F_VIE_0043.wav,AA,1,Red,408
120_F_VIE_0044.wav,AE,2,Blue,409
120_F_VIE_0045.wav,IY,13,Pink,410
120_F_VIE_0046.wav,UH,16,Silver,411
120_F_VIE_0047.wav,AH,3,Black,412
120_F_VIE_0048.wav,AO,4,Green,413
120_F_VIE_0049.wav,IY,13,Pink,414
120_F_VIE_0050.wav,UW,17,Cyan,415
120_F_VIE_0051.wav,AO,4,Green,416
120_F_VIE_0052.wav,OW,14,Maroon,417
120_F_VIE_0053.wav,IH,11,Teal,418
120_F_VIE_0054.wav,AE,2,Blue,419
120_F_VIE_0055.wav,OW,14,Maroon,420
120_F_VIE_0056.wav,IH,11,Teal,421
120_F_VIE_0057.wav,OW,14,Maroon,422
120_F_VIE_0058.wav,AW,5,Olive,423
120_F_VIE_0059.wav,IH,11,Teal,424
120_F_VIE_0060.wav,AE,2,Blue,425
120_F_VIE_0061.wav,AE,2,Blue,426
120_F_VIE_0062.wav,AO,4,Green,427
120_F_VIE_0063.wav,IH,11,Teal,428
120_F_VIE_0064.wav,EY,10,Purple,429
120_F_VIE_0065.wav,AH,3,Black,430
120_F_VIE_0066.wav,EH,8,Black,431
120_F_VIE_0067.wav,EH,8,Black,432
120_F_VIE_0068.wav,AH,3,Black,433
120_F_VIE_0069.wav,AY,7,Magenta,434
120_F_VIE_0070.wav,AW,5,Olive,435
120_F_VIE_0071.wav,AO,4,Green,436
120_F_VIE_0072.wav,AE,2,Blue,437
120_F_VIE_0073.wav,IY,13,Pink,438
120_F_VIE_0074.wav,AE,2,Blue,439
120_F_VIE_0075.wav,UH,16,Silver,440
120_F_VIE_0076.wav,AO,4,Green,441
120_F_VIE_0077.wav,IH,11,Teal,442
120_F_VIE_0078.wav,OW,14,Maroon,443
120_F_VIE_0079.wav,AE,2,Blue,444
120_F_VIE_0080.wav,OW,14,Maroon,445
120_F_VIE_0081.wav,AO,4,Green,446
120_F_VIE_0082.wav,IH,11,Teal,447
120_F_VIE_0083.wav,AH,3,Black,448
120_F_VIE_0084.wav,AY,7,Magenta,449
120_F_VIE_0085.wav,EH,8,Black,450
120_F_VIE_0086.wav,AE,2,Blue,451
120_F_VIE_0087.wav,AH,3,Black,452
120_F_VIE_0088.wav,AH,3,Black,453
120_F_VIE_0089.wav,AO,4,Green,454
120_F_VIE_0090.wav,AH,3,Black,455
120_F_VIE_0091.wav,UW,17,Cyan,456
