file,label,group,color,number
026_F_JPN_0001.wav,AO,4,Green,1
026_F_JPN_0002.wav,IH,11,Teal,2
026_F_JPN_0003.wav,AE,2,Blue,3
026_F_JPN_0004.wav,AH,3,Black,4
026_F_JPN_0005.wav,ER,9,Lime,5
026_F_JPN_0006.wav,UW,17,Cyan,6
026_F_JPN_0007.wav,IH,11,Teal,7
026_F_JPN_0008.wav,AO,4,Green,8
026_F_JPN_0009.wav,IH,11,Teal,9
026_F_JPN_0010.wav,AE,2,Blue,10
026_F_JPN_0011.wav,EY,10,Purple,11
026_F_JPN_0012.wav,AO,4,Green,12
026_F_JPN_0013.wav,AE,2,Blue,13
026_F_JPN_0014.wav,IH,11,Teal,14
026_F_JPN_0015.wav,AO,4,Green,15
026_F_JPN_0016.wav,OW,14,Maroon,16
026_F_JPN_0017.wav,EY,10,Purple,17
026_F_JPN_0018.wav,IY,13,Pink,18
026_F_JPN_0019.wav,AE,2,Blue,19
026_F_JPN_0020.wav,AH,3,Black,20
026_F_JPN_0021.wav,UW,17,Cyan,21
026_F_JPN_0022.wav,ER,9,Lime,22
026_F_JPN_0023.wav,IY,13,Pink,23
026_F_JPN_0024.wav,IH,11,Teal,24
026_F_JPN_0025.wav,EY,10,Purple,25
026_F_JPN_0026.wav,AE,2,Blue,26
026_F_JPN_0027.wav,EY,10,Purple,27
026_F_JPN_0028.wav,IH,11,Teal,28
026_F_JPN_0029.wav,OW,14,Maroon,29
026_F_JPN_0030.wav,AO,4,Green,30
026_F_JPN_0031.wav,UH,16,Silver,31
026_F_JPN_0032.wav,AO,4,Green,32
026_F_JPN_0033.wav,AE,2,Blue,33
026_F_JPN_0034.wav,AH,3,Black,34
026_F_JPN_0035.wav,EH,8,Black,35
026_F_JPN_0036.wav,AO,4,Green,36
026_F_JPN_0037.wav,IH,11,Teal,37
026_F_JPN_0038.wav,UW,17,Cyan,38
026_F_JPN_0039.wav,AE,2,Blue,39
026_F_JPN_0040.wav,AA,1,Red,40
026_F_JPN_0041.wav,AE,2,Blue,41
026_F_JPN_0042.wav,IY,13,Pink,42
026_F_JPN_0043.wav,UH,16,Silver,43
026_F_JPN_0044.wav,AH,3,Black,44
026_F_JPN_0045.wav,AO,4,Green,45
026_F_JPN_0046.wav,IY,13,Pink,46
026_F_JPN_0047.wav,UW,17,Cyan,47
026_F_JPN_0048.wav,AO,4,Green,48
026_F_JPN_0049.wav,OW,14,Maroon,49
026_F_JPN_0050.wav,AE,2,Blue,50
026_F_JPN_0051.wav,OW,14,Maroon,51
026_F_JPN_0052.wav,IH,11,Teal,52
026_F_JPN_0053.wav,OW,14,Maroon,53
026_F_JPN_0054.wav,AW,5,Olive,54
026_F_JPN_0055.wav,IH,11,Teal,55
026_F_JPN_0056.wav,AE,2,Blue,56
026_F_JPN_0057.wav,AE,2,Blue,57
026_F_JPN_0058.wav,AE,2,Blue,58
026_F_JPN_0059.wav,AO,4,Green,59
026_F_JPN_0060.wav,IH,11,Teal,60
026_F_JPN_0061.wav,EY,10,Purple,61
026_F_JPN_0062.wav,AH,3,Black,62
026_F_JPN_0063.wav,EH,8,Black,63
026_F_JPN_0064.wav,EH,8,Black,64
026_F_JPN_0065.wav,AH,3,Black,65
026_F_JPN_0066.wav,AY,7,Magenta,66
026_F_JPN_0067.wav,AW,5,Olive,67
026_F_JPN_0068.wav,AO,4,Green,68
026_F_JPN_0069.wav,IY,13,Pink,69
026_F_JPN_0070.wav,AH,3,Black,70
026_F_JPN_0071.wav,AE,2,Blue,71
026_F_JPN_0072.wav,UH,16,Silver,72
026_F_JPN_0073.wav,AO,4,Green,73
026_F_JPN_0074.wav,IH,11,Teal,74
026_F_JPN_0075.wav,OW,14,Maroon,75
026_F_JPN_0076.wav,AE,2,Blue,76
026_F_JPN_0077.wav,OW,14,Maroon,77
026_F_JPN_0078.wav,AO,4,Green,78
026_F_JPN_0079.wav,IH,11,Teal,79
026_F_JPN_0080.wav,AO,4,Green,80
026_F_JPN_0081.wav,AY,7,Magenta,81
026_F_JPN_0082.wav,EH,8,Black,82
026_F_JPN_0083.wav,AE,2,Blue,83
026_F_JPN_0084.wav,AH,3,Black,84
026_F_JPN_0085.wav,AH,3,Black,85
026_F_JPN_0086.wav,AO,4,Green,86
026_F_JPN_0087.wav,AH,3,Black,87
026_F_JPN_0088.wav,AH,3,Black,88
026_F_JPN_0089.wav,UW,17,Cyan,89
071_F_ENG_0001.wav,AO,4,Green,90
071_F_ENG_0002.wav,IH,11,Teal,91
071_F_ENG_0003.wav,AE,2,Blue,92
071_F_ENG_0004.wav,AH,3,Black,93
071_F_ENG_0005.wav,UW,17,Cyan,94
071_F_ENG_0006.wav,IH,11,Teal,95
071_F_ENG_0007.wav,AO,4,Green,96
071_F_ENG_0008.wav,EH,8,Black,97
071_F_ENG_0009.wav,AE,2,Blue,98
071_F_ENG_0010.wav,EY,10,Purple,99
071_F_ENG_0011.wav,AO,4,Green,100
071_F_ENG_0012.wav,AE,2,Blue,101
071_F_ENG_0013.wav,IH,11,Teal,102
071_F_ENG_0014.wav,AO,4,Green,103
071_F_ENG_0015.wav,OW,14,Maroon,104
071_F_ENG_0016.wav,EY,10,Purple,105
071_F_ENG_0017.wav,IY,13,Pink,106
071_F_ENG_0018.wav,AE,2,Blue,107
071_F_ENG_0019.wav,AH,3,Black,108
071_F_ENG_0020.wav,UW,17,Cyan,109
071_F_ENG_0021.wav,ER,9,Lime,110
071_F_ENG_0022.wav,IY,13,Pink,111
071_F_ENG_0023.wav,IH,11,Teal,112
071_F_ENG_0024.wav,EY,10,Purple,113
071_F_ENG_0025.wav,AE,2,Blue,114
071_F_ENG_0026.wav,EY,10,Purple,115
071_F_ENG_0027.wav,IH,11,Teal,116
071_F_ENG_0028.wav,OW,14,Maroon,117
071_F_ENG_0029.wav,AO,4,Green,118
071_F_ENG_0030.wav,UH,16,Silver,119
071_F_ENG_0031.wav,IY,13,Pink,120
071_F_ENG_0032.wav,IH,11,Teal,121
071_F_ENG_0033.wav,AO,4,Green,122
071_F_ENG_0034.wav,AE,2,Blue,123
071_F_ENG_0035.wav,AH,3,Black,124
071_F_ENG_0036.wav,EH,8,Black,125
071_F_ENG_0037.wav,AO,4,Green,126
071_F_ENG_0038.wav,IH,11,Teal,127
071_F_ENG_0039.wav,UW,17,Cyan,128
071_F_ENG_0040.wav,EH,8,Black,129
071_F_ENG_0041.wav,AA,1,Red,130
071_F_ENG_0042.wav,EH,8,Black,131
071_F_ENG_0043.wav,IY,13,Pink,132
071_F_ENG_0044.wav,UH,16,Silver,133
071_F_ENG_0045.wav,AH,3,Black,134
071_F_ENG_0046.wav,AO,4,Green,135
071_F_ENG_0047.wav,IY,13,Pink,136
071_F_ENG_0048.wav,UW,17,Cyan,137
071_F_ENG_0049.wav,AO,4,Green,138
071_F_ENG_0050.wav,OW,14,Maroon,139
071_F_ENG_0051.wav,IH,11,Teal,140
071_F_ENG_0052.wav,AE,2,Blue,141
071_F_ENG_0053.wav,OW,14,Maroon,142
071_F_ENG_0054.wav,IH,11,Teal,143
071_F_ENG_0055.wav,OW,14,Maroon,144
071_F_ENG_0056.wav,AW,5,Olive,145
071_F_ENG_0057.wav,IH,11,Teal,146
071_F_ENG_0058.wav,AE,2,Blue,147
071_F_ENG_0059.wav,AE,2,Blue,148
071_F_ENG_0060.wav,AE,2,Blue,149
071_F_ENG_0061.wav,AO,4,Green,150
071_F_ENG_0062.wav,AY,7,Magenta,151
071_F_ENG_0063.wav,EY,10,Purple,152
071_F_ENG_0064.wav,AH,3,Black,153
071_F_ENG_0065.wav,EH,8,Black,154
071_F_ENG_0066.wav,EH,8,Black,155
071_F_ENG_0067.wav,AH,3,Black,156
071_F_ENG_0068.wav,AH,3,Black,157
071_F_ENG_0069.wav,AY,7,Magenta,158
071_F_ENG_0070.wav,AW,5,Olive,159
071_F_ENG_0071.wav,AO,4,Green,160
071_F_ENG_0072.wav,AE,2,Blue,161
071_F_ENG_0073.wav,IY,13,Pink,162
071_F_ENG_0074.wav,AE,2,Blue,163
071_F_ENG_0075.wav,UH,16,Silver,164
071_F_ENG_0076.wav,AO,4,Green,165
071_F_ENG_0077.wav,IH,11,Teal,166
071_F_ENG_0078.wav,OW,14,Maroon,167
071_F_ENG_0079.wav,AE,2,Blue,168
071_F_ENG_0080.wav,OW,14,Maroon,169
071_F_ENG_0081.wav,AO,4,Green,170
071_F_ENG_0082.wav,AY,7,Magenta,171
071_F_ENG_0083.wav,AH,3,Black,172
071_F_ENG_0084.wav,AY,7,Magenta,173
071_F_ENG_0085.wav,UW,17,Cyan,174
071_F_ENG_0086.wav,EH,8,Black,175
071_F_ENG_0087.wav,AH,3,Black,176
071_F_ENG_0088.wav,AO,4,Green,177
071_F_ENG_0089.wav,AH,3,Black,178
071_F_ENG_0090.wav,UW,17,Cyan,179
